{
  "model": "Llama-3.1-70B",
  "aligned": {
    "self_heads": [
      [
        67,
        22
      ],
      [
        39,
        40
      ],
      [
        14,
        46
      ],
      [
        39,
        43
      ],
      [
        38,
        49
      ],
      [
        1,
        58
      ],
      [
        33,
        58
      ],
      [
        37,
        2
      ],
      [
        0,
        28
      ],
      [
        7,
        58
      ],
      [
        28,
        41
      ],
      [
        31,
        48
      ],
      [
        34,
        50
      ],
      [
        8,
        22
      ],
      [
        0,
        25
      ],
      [
        1,
        32
      ],
      [
        44,
        3
      ],
      [
        0,
        34
      ],
      [
        4,
        43
      ],
      [
        4,
        41
      ]
    ],
    "other_heads": [
      [
        67,
        22
      ],
      [
        39,
        45
      ],
      [
        35,
        49
      ],
      [
        44,
        3
      ],
      [
        39,
        40
      ],
      [
        72,
        54
      ],
      [
        39,
        43
      ],
      [
        31,
        57
      ],
      [
        41,
        21
      ],
      [
        38,
        49
      ],
      [
        35,
        39
      ],
      [
        19,
        53
      ],
      [
        35,
        19
      ],
      [
        68,
        18
      ],
      [
        49,
        7
      ],
      [
        33,
        32
      ],
      [
        32,
        52
      ],
      [
        29,
        12
      ],
      [
        19,
        56
      ],
      [
        13,
        23
      ]
    ],
    "head_overlap": {
      "overlap_count": 5,
      "overlap_heads": [
        [
          39,
          40
        ],
        [
          44,
          3
        ],
        [
          39,
          43
        ],
        [
          67,
          22
        ],
        [
          38,
          49
        ]
      ],
      "jaccard": 0.14285714285714285,
      "fraction_of_a": 0.25,
      "fraction_of_b": 0.25
    },
    "principal_angles": [
      88.95777130126953,
      88.3134536743164,
      87.31392669677734,
      85.75181579589844,
      84.86756896972656,
      83.60320281982422,
      80.87862396240234,
      74.77604675292969,
      73.82748413085938,
      70.76632690429688
    ],
    "mean_angle": 81.90562438964844,
    "min_angle": 70.76632690429688,
    "max_angle": 88.95777130126953,
    "self_explained_variance": [
      0.24529176950454712,
      0.14719976484775543,
      0.12242277711629868,
      0.08389798551797867,
      0.07444333285093307,
      0.06904840469360352,
      0.05911066383123398,
      0.04176686331629753,
      0.038406386971473694,
      0.029405251145362854
    ],
    "other_explained_variance": [
      0.18407921493053436,
      0.15902231633663177,
      0.11025252938270569,
      0.08269196003675461,
      0.07960216701030731,
      0.06327928602695465,
      0.05978146567940712,
      0.058034881949424744,
      0.04727731645107269,
      0.041188810020685196
    ]
  },
  "divergent": {
    "self_heads": [
      [
        78,
        33
      ],
      [
        77,
        41
      ],
      [
        79,
        36
      ],
      [
        26,
        39
      ],
      [
        68,
        27
      ],
      [
        65,
        4
      ],
      [
        34,
        55
      ],
      [
        48,
        60
      ],
      [
        74,
        62
      ],
      [
        48,
        21
      ],
      [
        48,
        18
      ],
      [
        31,
        54
      ],
      [
        17,
        8
      ],
      [
        23,
        50
      ],
      [
        18,
        54
      ],
      [
        19,
        6
      ],
      [
        33,
        56
      ],
      [
        76,
        6
      ],
      [
        67,
        30
      ],
      [
        32,
        45
      ]
    ],
    "other_heads": [
      [
        79,
        36
      ],
      [
        78,
        33
      ],
      [
        74,
        62
      ],
      [
        48,
        18
      ],
      [
        65,
        4
      ],
      [
        77,
        41
      ],
      [
        48,
        60
      ],
      [
        68,
        27
      ],
      [
        48,
        21
      ],
      [
        38,
        52
      ],
      [
        76,
        6
      ],
      [
        18,
        38
      ],
      [
        31,
        48
      ],
      [
        38,
        60
      ],
      [
        55,
        20
      ],
      [
        28,
        20
      ],
      [
        57,
        2
      ],
      [
        34,
        55
      ],
      [
        34,
        29
      ],
      [
        17,
        49
      ]
    ],
    "head_overlap": {
      "overlap_count": 11,
      "overlap_heads": [
        [
          48,
          60
        ],
        [
          48,
          21
        ],
        [
          78,
          33
        ],
        [
          74,
          62
        ],
        [
          34,
          55
        ],
        [
          79,
          36
        ],
        [
          65,
          4
        ],
        [
          68,
          27
        ],
        [
          76,
          6
        ],
        [
          77,
          41
        ],
        [
          48,
          18
        ]
      ],
      "jaccard": 0.3793103448275862,
      "fraction_of_a": 0.55,
      "fraction_of_b": 0.55
    },
    "principal_angles": [
      89.77594757080078,
      89.19497680664062,
      88.30667114257812,
      87.9816665649414,
      86.57405090332031,
      85.83985900878906,
      85.51248168945312,
      85.23151397705078,
      83.21795654296875,
      82.4299087524414
    ],
    "mean_angle": 86.40650177001953,
    "min_angle": 82.4299087524414,
    "max_angle": 89.77594757080078,
    "self_explained_variance": [
      0.17776115238666534,
      0.120221346616745,
      0.08501093089580536,
      0.07663385570049286,
      0.06983643025159836,
      0.05957648158073425,
      0.045970309525728226,
      0.04481414705514908,
      0.043093692511320114,
      0.03806760534644127
    ],
    "other_explained_variance": [
      0.17964991927146912,
      0.12401279807090759,
      0.09403236210346222,
      0.07008948922157288,
      0.06033192202448845,
      0.059898313134908676,
      0.04962952807545662,
      0.04677659645676613,
      0.04289233312010765,
      0.041225362569093704
    ]
  },
  "divergence_effect": 4.500877380371094,
  "p_value": 0.022977022977022976,
  "significant": true,
  "interpretation": "Weak ToM: some distinction with overlap",
  "inference_support_analysis": {
    "original_geometry": {
      "self_heads": [
        [
          78,
          33
        ],
        [
          77,
          41
        ],
        [
          79,
          36
        ],
        [
          26,
          39
        ],
        [
          68,
          27
        ],
        [
          65,
          4
        ],
        [
          34,
          55
        ],
        [
          48,
          60
        ],
        [
          74,
          62
        ],
        [
          48,
          21
        ],
        [
          48,
          18
        ],
        [
          31,
          54
        ],
        [
          17,
          8
        ],
        [
          23,
          50
        ],
        [
          18,
          54
        ],
        [
          19,
          6
        ],
        [
          33,
          56
        ],
        [
          76,
          6
        ],
        [
          67,
          30
        ],
        [
          32,
          45
        ]
      ],