{
  "model": "gemma-3-1b-it",
  "aligned": {
    "self_heads": [
      [
        3,
        0
      ],
      [
        8,
        0
      ],
      [
        10,
        0
      ],
      [
        6,
        3
      ],
      [
        18,
        2
      ],
      [
        1,
        3
      ],
      [
        15,
        1
      ],
      [
        12,
        3
      ],
      [
        9,
        3
      ],
      [
        12,
        2
      ],
      [
        4,
        1
      ],
      [
        7,
        0
      ],
      [
        5,
        3
      ],
      [
        22,
        0
      ],
      [
        9,
        1
      ],
      [
        9,
        2
      ],
      [
        7,
        2
      ],
      [
        13,
        3
      ],
      [
        4,
        0
      ],
      [
        15,
        0
      ]
    ],
    "other_heads": [
      [
        10,
        0
      ],
      [
        3,
        0
      ],
      [
        11,
        3
      ],
      [
        5,
        1
      ],
      [
        15,
        1
      ],
      [
        4,
        1
      ],
      [
        5,
        0
      ],
      [
        0,
        0
      ],
      [
        12,
        3
      ],
      [
        1,
        3
      ],
      [
        0,
        3
      ],
      [
        2,
        2
      ],
      [
        22,
        0
      ],
      [
        3,
        1
      ],
      [
        3,
        2
      ],
      [
        18,
        2
      ],
      [
        5,
        3
      ],
      [
        12,
        2
      ],
      [
        11,
        0
      ],
      [
        21,
        0
      ]
    ],
    "head_overlap": {
      "overlap_count": 10,
      "overlap_heads": [
        [
          4,
          1
        ],
        [
          15,
          1
        ],
        [
          12,
          3
        ],
        [
          3,
          0
        ],
        [
          10,
          0
        ],
        [
          12,
          2
        ],
        [
          22,
          0
        ],
        [
          18,
          2
        ],
        [
          5,
          3
        ],
        [
          1,
          3
        ]
      ],
      "jaccard": 0.3333333333333333,
      "fraction_of_a": 0.5,
      "fraction_of_b": 0.5
    },
    "principal_angles": [
      89.93766784667969,
      89.69091796875,
      89.57003021240234,
      88.98419189453125,
      88.66533660888672,
      88.24984741210938,
      88.11688995361328,
      87.55005645751953,
      86.708740234375,
      86.39791870117188
    ],
    "mean_angle": 88.38716125488281,
    "min_angle": 86.39791870117188,
    "max_angle": 89.93766784667969,
    "self_explained_variance": [
      0.21726229786872864,
      0.12356851994991302,
      0.09977009892463684,
      0.0829152911901474,
      0.06567513197660446,
      0.06455230712890625,
      0.061071451753377914,
      0.056049369275569916,
      0.04813710227608681,
      0.04095707833766937
    ],
    "other_explained_variance": [
      0.2900910973548889,
      0.135015070438385,
      0.11802197992801666,
      0.07154815644025803,
      0.06549837440252304,
      0.05145204812288284,
      0.047599829733371735,
      0.04226195439696312,
      0.03882312402129173,
      0.036098238080739975
    ]
  },
  "divergent": {
    "self_heads": [
      [
        12,
        3
      ],
      [
        24,
        2
      ],
      [
        15,
        2
      ],
      [
        6,
        1
      ],
      [
        14,
        0
      ],
      [
        9,
        0
      ],
      [
        4,
        0
      ],
      [
        6,
        0
      ],
      [
        11,
        3
      ],
      [
        16,
        0
      ],
      [
        7,
        2
      ],
      [
        3,
        3
      ],
      [
        2,
        0
      ],
      [
        8,
        0
      ],
      [
        1,
        3
      ],
      [
        1,
        1
      ],
      [
        21,
        0
      ],
      [
        3,
        0
      ],
      [
        18,
        1
      ],
      [
        22,
        0
      ]
    ],
    "other_heads": [
      [
        12,
        3
      ],
      [
        14,
        0
      ],
      [
        6,
        1
      ],
      [
        15,
        2
      ],
      [
        24,
        2
      ],
      [
        8,
        0
      ],
      [
        7,
        2
      ],
      [
        16,
        0
      ],
      [
        3,
        3
      ],
      [
        6,
        0
      ],
      [
        4,
        0
      ],
      [
        7,
        3
      ],
      [
        18,
        1
      ],
      [
        9,
        2
      ],
      [
        21,
        0
      ],
      [
        11,
        3
      ],
      [
        2,
        0
      ],
      [
        13,
        0
      ],
      [
        11,
        1
      ],
      [
        3,
        0
      ]
    ],
    "head_overlap": {
      "overlap_count": 16,
      "overlap_heads": [
        [
          4,
          0
        ],
        [
          18,
          1
        ],
        [
          21,
          0
        ],
        [
          16,
          0
        ],
        [
          6,
          1
        ],
        [
          11,
          3
        ],
        [
          2,
          0
        ],
        [
          8,
          0
        ],
        [
          12,
          3
        ],
        [
          14,
          0
        ],
        [
          3,
          0
        ],
        [
          3,
          3
        ],
        [
          7,
          2
        ],
        [
          6,
          0
        ],
        [
          24,
          2
        ],
        [
          15,
          2
        ]
      ],
      "jaccard": 0.6666666666666666,
      "fraction_of_a": 0.8,
      "fraction_of_b": 0.8
    },
    "principal_angles": [
      89.81864166259766,
      88.98856353759766,
      88.5887680053711,
      88.44719696044922,
      87.85505676269531,
      87.23280334472656,
      86.83065032958984,
      86.20594787597656,
      85.26146697998047,
      82.5455093383789
    ],
    "mean_angle": 87.1774673461914,
    "min_angle": 82.5455093383789,
    "max_angle": 89.81864166259766,
    "self_explained_variance": [
      0.1742505580186844,
      0.1380639672279358,
      0.09161519259214401,
      0.06178070604801178,
      0.051195625215768814,
      0.0485411211848259,
      0.04790828377008438,
      0.04484597221016884,
      0.040290724486112595,
      0.03931228443980217
    ],
    "other_explained_variance": [
      0.16407307982444763,
      0.10556217283010483,
      0.07523197680711746,
      0.06933820247650146,
      0.059782445430755615,
      0.05763184651732445,
      0.05491076037287712,
      0.0490630567073822,
      0.043465755879879,
      0.0405823290348053
    ]
  },
  "divergence_effect": -1.2096939086914062,
  "p_value": 0.9370629370629371,
  "significant": false,
  "interpretation": "No ToM: representations conflated",