{
  "model": "Llama-3.1-70B-Instruct",
  "aligned": {
    "self_heads": [
      [
        67,
        22
      ],
      [
        35,
        50
      ],
      [
        34,
        50
      ],
      [
        32,
        0
      ],
      [
        33,
        58
      ],
      [
        44,
        3
      ],
      [
        34,
        12
      ],
      [
        39,
        43
      ],
      [
        32,
        19
      ],
      [
        33,
        19
      ],
      [
        26,
        39
      ],
      [
        53,
        3
      ],
      [
        40,
        33
      ],
      [
        18,
        48
      ],
      [
        79,
        12
      ],
      [
        18,
        37
      ],
      [
        21,
        31
      ],
      [
        41,
        21
      ],
      [
        35,
        42
      ],
      [
        31,
        62
      ]
    ],
    "other_heads": [
      [
        67,
        22
      ],
      [
        35,
        49
      ],
      [
        32,
        52
      ],
      [
        39,
        45
      ],
      [
        11,
        9
      ],
      [
        49,
        7
      ],
      [
        20,
        8
      ],
      [
        18,
        62
      ],
      [
        44,
        3
      ],
      [
        28,
        47
      ],
      [
        31,
        58
      ],
      [
        41,
        21
      ],
      [
        63,
        32
      ],
      [
        67,
        16
      ],
      [
        25,
        57
      ],
      [
        34,
        50
      ],
      [
        32,
        7
      ],
      [
        19,
        60
      ],
      [
        31,
        57
      ],
      [
        29,
        12
      ]
    ],
    "head_overlap": {
      "overlap_count": 4,
      "overlap_heads": [
        [
          34,
          50
        ],
        [
          67,
          22
        ],
        [
          44,
          3
        ],
        [
          41,
          21
        ]
      ],
      "jaccard": 0.1111111111111111,
      "fraction_of_a": 0.2,
      "fraction_of_b": 0.2
    },
    "principal_angles": [
      89.62127685546875,
      89.21409606933594,
      88.6861343383789,
      87.74368286132812,
      87.03018951416016,
      86.75467681884766,
      86.45390319824219,
      85.58273315429688,
      84.61235809326172,
      77.54548645019531
    ],
    "mean_angle": 86.32444763183594,
    "min_angle": 77.54548645019531,
    "max_angle": 89.62127685546875,
    "self_explained_variance": [
      0.1972675770521164,
      0.17499810457229614,
      0.07959051430225372,
      0.0787617638707161,
      0.06651490181684494,
      0.06322788447141647,
      0.060114312916994095,
      0.05664752796292305,
      0.048199959099292755,
      0.04542514309287071
    ],
    "other_explained_variance": [
      0.2219512015581131,
      0.14786788821220398,
      0.11239652335643768,
      0.07586858421564102,
      0.06345576792955399,
      0.05818599462509155,
      0.05369706079363823,
      0.04999401792883873,
      0.047868892550468445,
      0.043935663998126984
    ]
  },
  "divergent": {
    "self_heads": [
      [
        44,
        30
      ],
      [
        68,
        27
      ],
      [
        48,
        63
      ],
      [
        52,
        2
      ],
      [
        60,
        9
      ],
      [
        77,
        41
      ],
      [
        52,
        19
      ],
      [
        49,
        59
      ],
      [
        72,
        56
      ],
      [
        41,
        19
      ],
      [
        49,
        2
      ],
      [
        53,
        1
      ],
      [
        23,
        40
      ],
      [
        24,
        55
      ],
      [
        35,
        19
      ],
      [
        38,
        53
      ],
      [
        25,
        33
      ],
      [
        77,
        60
      ],
      [
        27,
        17
      ],
      [
        38,
        56
      ]
    ],
    "other_heads": [
      [
        68,
        27
      ],
      [
        44,
        30
      ],
      [
        78,
        32
      ],
      [
        33,
        56
      ],
      [
        36,
        7
      ],
      [
        74,
        62
      ],
      [
        38,
        56
      ],
      [
        20,
        60
      ],
      [
        35,
        50
      ],
      [
        72,
        56
      ],
      [
        48,
        22
      ],
      [
        27,
        15
      ],
      [
        33,
        15
      ],
      [
        47,
        56
      ],
      [
        30,
        61
      ],
      [
        60,
        9
      ],
      [
        77,
        41
      ],
      [
        56,
        9
      ],
      [
        31,
        54
      ],
      [
        28,
        47
      ]
    ],
    "head_overlap": {
      "overlap_count": 6,
      "overlap_heads": [
        [
          72,
          56
        ],
        [
          60,
          9
        ],
        [
          38,
          56
        ],
        [
          44,
          30
        ],
        [
          77,
          41
        ],
        [
          68,
          27
        ]
      ],
      "jaccard": 0.17647058823529413,
      "fraction_of_a": 0.3,
      "fraction_of_b": 0.3
    },
    "principal_angles": [
      89.79701232910156,
      88.9262924194336,
      88.59796142578125,
      88.0975341796875,
      87.205078125,
      87.0214614868164,
      86.70478820800781,
      85.02006530761719,
      84.47383880615234,
      82.91801452636719
    ],
    "mean_angle": 86.87620544433594,
    "min_angle": 82.91801452636719,
    "max_angle": 89.79701232910156,
    "self_explained_variance": [
      0.15794776380062103,
      0.10982163995504379,
      0.08158361166715622,
      0.07745537906885147,
      0.07098348438739777,
      0.06559707969427109,
      0.060304947197437286,
      0.051135748624801636,
      0.047864627093076706,
      0.03978898376226425
    ],
    "other_explained_variance": [
      0.1620980203151703,
      0.12512114644050598,
      0.09642327576875687,
      0.0729607567191124,
      0.06248948723077774,
      0.05757366865873337,
      0.05197005718946457,
      0.04892450571060181,
      0.04376782476902008,
      0.03997063636779785
    ]
  },
  "divergence_effect": 0.5517578125,
  "p_value": 0.33166833166833165,
  "significant": false,
  "interpretation": "Weak ToM: some distinction with overlap",
  "inference_support_analysis": {
    "original_geometry": {
      "self_heads": [
        [
          44,
          30
        ],
        [
          68,
          27
        ],
        [
          48,
          63
        ],
        [
          52,
          2
        ],
        [
          60,
          9
        ],
        [
          77,
          41
        ],
        [
          52,
          19
        ],
        [
          49,
          59
        ],
        [
          72,
          56
        ],
        [
          41,
          19
        ],
        [
          49,
          2
        ],
        [
          53,
          1
        ],
        [
          23,
          40
        ],
        [
          24,
          55
        ],
        [
          35,
          19
        ],
        [
          38,
          53
        ],
        [
          25,
          33
        ],
        [
          77,
          60
        ],
        [
          27,
          17
        ],
        [
          38,
          56
        ]
      ],