{
  "model": "Qwen3-8B",
  "n_layers": 36,
  "injection_layer": 18,
  "alpha": 10.0,
  "cells": {
    "1p_self_ai": {
      "condition": "1p_self_ai",
      "mean_slope": 0.8394199054123078,
      "ci_lower": 0.7991009551579645,
      "ci_upper": 0.884341827855206,
      "std": 0.08728637296567261,
      "raw_slopes": [
        0.9470078862119384,
        0.9099054858319162,
        0.7965270004036257,
        0.9728187013521283,
        0.9094758890915211,
        0.7202829277552316,
        0.7049022095491273,
        0.876287596052276,
        0.7961131759656841,
        0.9403431718655781,
        0.7483608331473619,
        0.8948457205074121,
        0.8681841413303055,
        0.7389318570263982,
        0.7673119850941117
      ],
      "n_prompts": 15
    },
    "2p_self_ai": {
      "condition": "2p_self_ai",
      "mean_slope": 0.8715226253350451,
      "ci_lower": 0.8318562052698788,
      "ci_upper": 0.9082823615695347,
      "std": 0.07383213555048916,
      "raw_slopes": [
        0.9727029208520617,
        0.8834770917892455,
        0.9647824394260027,
        0.9134099030457781,
        0.889846465443679,
        0.7222329463013922,
        0.8358120436638867,
        0.9153164648234661,
        0.9130713425968823,
        0.9489771159071667,
        0.8161726501704002,
        0.905976823424407,
        0.862095785952943,
        0.7728188447538913,
        0.756146541874475
      ],
      "n_prompts": 15
    },
    "1p_other_ai": {
      "condition": "1p_other_ai",
      "mean_slope": 0.8386305061379453,
      "ci_lower": 0.7933285836817773,
      "ci_upper": 0.886600477805955,
      "std": 0.09435878683922712,
      "raw_slopes": [
        0.9338821315728474,
        0.8285008409628557,
        0.8236913058226322,
        1.0283039140719745,
        0.8438767776954285,
        0.7114763154703028,
        0.70965714000696,
        0.8370634491783177,
        0.8319938712444835,
        0.918278781852855,
        0.8695597682759487,
        0.8752509740299483,
        0.9500654568151794,
        0.7262225796932776,
        0.6916342853761679
      ],
      "n_prompts": 15
    },
    "2p_other_ai": {
      "condition": "2p_other_ai",
      "mean_slope": 0.8729847043383601,
      "ci_lower": 0.8188402781269913,
      "ci_upper": 0.9172115969647516,
      "std": 0.09683686096096797,
      "raw_slopes": [
        0.947043762210722,
        0.8919898366595936,
        0.9471748593975514,
        0.9796336654908148,
        0.8711320221793168,
        0.6575386245553339,
        0.7888933053880285,
        0.8624230805011724,
        0.93881261814674,
        0.8849354794150903,
        0.9777407023605916,
        0.89639288925165,
        0.973563765386125,
        0.7057317268368629,
        0.7717642272958074
      ],
      "n_prompts": 15
    },
    "1p_human": {
      "condition": "1p_human",
      "mean_slope": 0.8775955353174415,
      "ci_lower": 0.8508793505597225,
      "ci_upper": 0.9028054825246518,
      "std": 0.04993681299385618,
      "raw_slopes": [
        0.8711768693230098,
        0.8338218157874541,
        0.8487701879197227,
        0.9014843901613547,
        0.9734087829065764,
        0.8210788231700568,
        0.9601187743823225,
        0.8975160898807983,
        0.7810181163412867,
        0.9251789119406012,
        0.8765136794224611,
        0.8615439323817982,
        0.9101875912478834,
        0.8595475160485083,
        0.842567548847789
      ],
      "n_prompts": 15
    },
    "2p_human": {
      "condition": "2p_human",
      "mean_slope": 0.866874810047563,
      "ci_lower": 0.8439261174368046,
      "ci_upper": 0.8923327561495564,
      "std": 0.048053771550227435,
      "raw_slopes": [
        0.7778034030283937,
        0.8061570217919424,
        0.8890025195876142,
        0.8587029119578676,
        0.9623536879525463,
        0.8941792023624798,
        0.8720320635720303,
        0.851504488810666,
        0.7995440670211248,
        0.921321799603778,
        0.8370193528593877,
        0.890035930986375,
        0.8411675741428929,
        0.9152930240051664,
        0.8870051030311789
      ],
      "n_prompts": 15
    }
  },
  "decomposition": {
    "person_main_effect": -0.01857873095109097,
    "referent_main_effect": -0.0003363398644763427,
    "person_x_referent_interaction": 0.0022514782776774656,
    "cell_means": {
      "1p_self_ai": 0.8394199054123078,
      "2p_self_ai": 0.8715226253350451,
      "1p_other_ai": 0.8386305061379453,
      "2p_other_ai": 0.8729847043383601
    },
    "statistical_tests": {
      "person_test": {
        "U": 860.0,
        "p": 0.2199750501349822,
        "d": -0.23605690063788543,
        "significant": "False"
      },
      "referent_test": {
        "U": 445.0,
        "p": 0.9469559422255942,
        "d": -0.0037338582299677897,
        "significant": "False"
      },
      "interaction_test": {
        "U": 118.0,
        "p": 0.8357050269952793,
        "significant": "False"
      }
    },
    "interpretation": "Null: no significant effects detected"
  },
  "is_instruct": false,
  "_metadata": {
    "timestamp": "2026-02-14T22:58:07.163680",
    "version": "1.0.0"
  }
}