{
  "model": "Qwen3-14B-Base",
  "n_layers": 40,
  "injection_layer": 20,
  "alpha": 10.0,
  "cells": {
    "1p_self_ai": {
      "condition": "1p_self_ai",
      "mean_slope": 0.8978264732580439,
      "ci_lower": 0.869750839571065,
      "ci_upper": 0.9274079992359782,
      "std": 0.05910576775682041,
      "raw_slopes": [
        0.9128505922573852,
        1.0025414013324827,
        1.0113894596583861,
        0.8393719153744834,
        0.9359399335724967,
        0.8927292287125624,
        0.8488080647206846,
        0.9319843300863321,
        0.8649697195094334,
        0.891385665737597,
        0.8316477335485302,
        0.9233946604164024,
        0.7879569850918047,
        0.8677632795240648,
        0.9246641293280108
      ],
      "n_prompts": 15
    },
    "2p_self_ai": {
      "condition": "2p_self_ai",
      "mean_slope": 0.890159903392009,
      "ci_lower": 0.8595604130385776,
      "ci_upper": 0.9229622478164117,
      "std": 0.06190222537487043,
      "raw_slopes": [
        0.8830921275723251,
        0.9374788458410063,
        0.9524087764714895,
        0.8499398312174288,
        0.91956966667247,
        0.7934768854227283,
        0.8718866351851842,
        0.9526050572556661,
        0.8675779485164732,
        0.9934521753312953,
        0.845100487981524,
        0.9822623288833109,
        0.8624666550553832,
        0.8598963409886325,
        0.7811847884852188
      ],
      "n_prompts": 15
    },
    "1p_other_ai": {
      "condition": "1p_other_ai",
      "mean_slope": 0.874929480366689,
      "ci_lower": 0.8499710815975018,
      "ci_upper": 0.9003797771958145,
      "std": 0.05029250079866609,
      "raw_slopes": [
        0.8863108554728947,
        0.9908122318355662,
        0.8015205252887613,
        0.8584107626649672,
        0.9497933577662123,
        0.8685653954744338,
        0.7824209699953409,
        0.8715810612180179,
        0.8354711312996717,
        0.8558281693691601,
        0.9123990121192503,
        0.8920510323872245,
        0.871073828379911,
        0.8529990835297376,
        0.894704788699186
      ],
      "n_prompts": 15
    },
    "2p_other_ai": {
      "condition": "2p_other_ai",
      "mean_slope": 0.8779838619562319,
      "ci_lower": 0.8445044016485153,
      "ci_upper": 0.9100511523837548,
      "std": 0.0641220321762707,
      "raw_slopes": [
        0.8133127791316889,
        0.9112693718949658,
        0.8209595106598129,
        0.8691147085195197,
        0.9417506855233273,
        0.7454115927667545,
        0.9078254140073199,
        0.880500806453533,
        0.8397435158267057,
        0.7861708577414206,
        0.9151378101424169,
        0.9634499531939515,
        0.984367123447863,
        0.898238817327901,
        0.8925049827062997
      ],
      "n_prompts": 15
    },
    "1p_human": {
      "condition": "1p_human",
      "mean_slope": 0.9034827113188898,
      "ci_lower": 0.8791773254484089,
      "ci_upper": 0.927321138998545,
      "std": 0.04785475287462835,
      "raw_slopes": [
        0.9586054496747212,
        0.8530785233006445,
        0.9131655829741546,
        0.8615181869582128,
        0.9307582712263096,
        0.943573951945269,
        0.9582965185767728,
        0.860027480170243,
        0.8259667413575309,
        0.8996970606477638,
        0.9030154573177935,
        0.9950317721393774,
        0.867648208051696,
        0.9337614685072937,
        0.8480959969355648
      ],
      "n_prompts": 15
    },
    "2p_human": {
      "condition": "2p_human",
      "mean_slope": 0.8860810156715543,
      "ci_lower": 0.8657099636990512,
      "ci_upper": 0.9054529800673103,
      "std": 0.040858777011682695,
      "raw_slopes": [
        0.8618112543695854,
        0.8827497177106097,
        0.8736253815486024,
        0.9051769854206789,
        0.9215331879773535,
        0.83499727504594,
        0.9427935300688997,
        0.8119767700370993,
        0.825758357917456,
        0.9228428147341078,
        0.9324661619345049,
        0.912693619952166,
        0.843538357575137,
        0.9266384976698939,
        0.8926133231112833
      ],
      "n_prompts": 15
    }
  },
  "decomposition": {
    "person_main_effect": 0.007337961307942398,
    "referent_main_effect": 0.017536517163565968,
    "person_x_referent_interaction": 0.01072095145557772,
    "cell_means": {
      "1p_self_ai": 0.8978264732580439,
      "2p_self_ai": 0.890159903392009,
      "1p_other_ai": 0.874929480366689,
      "2p_other_ai": 0.8779838619562319
    },
    "statistical_tests": {
      "person_test": {
        "U": 1059.0,
        "p": 0.7104839406487548,
        "d": 0.13229296355389286,
        "significant": "False"
      },
      "referent_test": {
        "U": 512.0,
        "p": 0.36322231255273874,
        "d": 0.2964169999093167,
        "significant": "False"
      },
      "interaction_test": {
        "U": 118.0,
        "p": 0.8357050269952793,
        "significant": "False"
      }
    },
    "interpretation": "Null: no significant effects detected"
  },
  "is_instruct": false,
  "_metadata": {
    "timestamp": "2026-02-15T19:34:00.422752",
    "version": "1.0.0"
  }
}