{
  "model": "Qwen3-8B-Base",
  "n_layers": 36,
  "injection_layer": 18,
  "alpha": 10.0,
  "cells": {
    "1p_self_ai": {
      "condition": "1p_self_ai",
      "mean_slope": 0.839083541334598,
      "ci_lower": 0.8073451381379697,
      "ci_upper": 0.8735062984568601,
      "std": 0.068018560196434,
      "raw_slopes": [
        0.9195496016888426,
        0.8519280181949721,
        0.8362243866588311,
        0.9473969211150249,
        0.9137025306652944,
        0.7517592152205781,
        0.7641071455766544,
        0.8232010591878978,
        0.756662826419984,
        0.8777964139132307,
        0.7487551549639864,
        0.9069651875518053,
        0.8382394522336243,
        0.7525481107434251,
        0.8974170958848191
      ],
      "n_prompts": 15
    },
    "2p_self_ai": {
      "condition": "2p_self_ai",
      "mean_slope": 0.8374756203993186,
      "ci_lower": 0.8031954968243191,
      "ci_upper": 0.8683702835710514,
      "std": 0.06607901450091462,
      "raw_slopes": [
        0.9228741192134909,
        0.8514882471908352,
        0.82246293741114,
        0.826674053451225,
        0.9191582702999882,
        0.7045207269051494,
        0.8553583678261781,
        0.8817725000735775,
        0.8213455291355357,
        0.9091652199487569,
        0.7377522148584066,
        0.9115334744608439,
        0.8556869947596599,
        0.7479226255195429,
        0.7944190249354477
      ],
      "n_prompts": 15
    },
    "1p_other_ai": {
      "condition": "1p_other_ai",
      "mean_slope": 0.840584059774691,
      "ci_lower": 0.8133342650738016,
      "ci_upper": 0.8687939661907336,
      "std": 0.0562404339008957,
      "raw_slopes": [
        0.8262044268864964,
        0.7455552319993175,
        0.8114548277559664,
        0.9244866357314695,
        0.8955233599932936,
        0.8434686193894307,
        0.8021399686949171,
        0.858472417751702,
        0.8108424542489068,
        0.8587458563662902,
        0.8867727869158559,
        0.8745426485782066,
        0.938151539571514,
        0.7519096614037503,
        0.7804904613332481
      ],
      "n_prompts": 15
    },
    "2p_other_ai": {
      "condition": "2p_other_ai",
      "mean_slope": 0.8414285551053082,
      "ci_lower": 0.7951376451067511,
      "ci_upper": 0.883760207064519,
      "std": 0.08788112845684108,
      "raw_slopes": [
        0.896682290193097,
        0.8841130178041133,
        0.7839186624292248,
        0.8256995889240005,
        0.7965028699337513,
        0.6368535825342585,
        0.888086846092537,
        0.8384476987754599,
        0.9565784815156791,
        0.8742243168708341,
        0.8663236640001596,
        0.90450328948328,
        0.9882454646999256,
        0.7240399469163026,
        0.757208606407
      ],
      "n_prompts": 15
    },
    "1p_human": {
      "condition": "1p_human",
      "mean_slope": 0.8917223395577893,
      "ci_lower": 0.8566079864270364,
      "ci_upper": 0.9225471782490565,
      "std": 0.06399975688890841,
      "raw_slopes": [
        0.8723113748126725,
        0.7985879284309528,
        0.8635635903745245,
        0.9217306590486237,
        0.9995247916355959,
        0.8154963985685224,
        0.9633708301897017,
        0.9267138457704256,
        0.762762804149474,
        0.950957956052048,
        0.8808831855793114,
        0.8774879424380074,
        0.9392123753810445,
        0.9463094077058619,
        0.8569220032300743
      ],
      "n_prompts": 15
    },
    "2p_human": {
      "condition": "2p_human",
      "mean_slope": 0.8716756999861713,
      "ci_lower": 0.842616836277324,
      "ci_upper": 0.9017083978463806,
      "std": 0.05683060194958706,
      "raw_slopes": [
        0.826041763504223,
        0.8078136443169125,
        0.8897323359276856,
        0.8667306168345105,
        0.9350917737919479,
        0.8383861494138144,
        0.9765899007903535,
        0.79565464942817,
        0.8003213609519756,
        0.935615379467099,
        0.902290541505666,
        0.93969944737644,
        0.8064330703702872,
        0.8991945703332268,
        0.8555402957802585
      ],
      "n_prompts": 15
    }
  },
  "decomposition": {
    "person_main_effect": 0.006936688392093493,
    "referent_main_effect": -0.0027267265730412937,
    "person_x_referent_interaction": 0.002452416265896651,
    "cell_means": {
      "1p_self_ai": 0.839083541334598,
      "2p_self_ai": 0.8374756203993186,
      "1p_other_ai": 0.840584059774691,
      "2p_other_ai": 0.8414285551053082
    },
    "statistical_tests": {
      "person_test": {
        "U": 1060.0,
        "p": 0.7044829789079362,
        "d": 0.09859238075903531,
        "significant": "False"
      },
      "referent_test": {
        "U": 439.0,
        "p": 0.8766349003139949,
        "d": -0.038677275063730567,
        "significant": "False"
      },
      "interaction_test": {
        "U": 110.0,
        "p": 0.9338864180775845,
        "significant": "False"
      }
    },
    "interpretation": "Null: no significant effects detected"
  },
  "is_instruct": false,
  "_metadata": {
    "timestamp": "2026-02-15T19:08:22.315949",
    "version": "1.0.0"
  }
}