{
  "model": "Qwen3-1.7B",
  "n_layers": 28,
  "injection_layer": 14,
  "alpha": 10.0,
  "cells": {
    "1p_self_ai": {
      "condition": "1p_self_ai",
      "mean_slope": 0.8491501918817178,
      "ci_lower": 0.7978589938894294,
      "ci_upper": 0.902862956183461,
      "std": 0.10536416197485908,
      "raw_slopes": [
        0.9915707498788834,
        0.7244427616779621,
        0.8064126289807831,
        0.9560892611742017,
        0.8775045825884893,
        0.7390202788206246,
        0.8540566531511453,
        0.7923644620638626,
        0.8569061884513267,
        1.0144711680137193,
        0.8788551167799876,
        0.8944463170491732,
        0.9791421615160428,
        0.666287301136897,
        0.7056832469426668
      ],
      "n_prompts": 15
    },
    "2p_self_ai": {
      "condition": "2p_self_ai",
      "mean_slope": 0.848325709440769,
      "ci_lower": 0.8030660909257636,
      "ci_upper": 0.8913222878174141,
      "std": 0.08425320541826777,
      "raw_slopes": [
        0.9065317371716864,
        0.8470728764167197,
        0.8777130819283998,
        0.9665304688306954,
        0.7994323872602903,
        0.6977994607045099,
        0.8839863673998756,
        0.8154075659238375,
        0.8723635040796719,
        0.946085018148789,
        0.8546876531380874,
        0.8215351251455453,
        0.9862521050068045,
        0.710813141786135,
        0.7386751486704899
      ],
      "n_prompts": 15
    },
    "1p_other_ai": {
      "condition": "1p_other_ai",
      "mean_slope": 0.8332706655600131,
      "ci_lower": 0.7806196068823337,
      "ci_upper": 0.8851402065226663,
      "std": 0.10534055257173523,
      "raw_slopes": [
        0.9651208694164568,
        0.7348680276137131,
        0.7495544231854951,
        1.0159122593127765,
        0.8972767687760865,
        0.667879975759066,
        0.771515288719764,
        0.7654950591234058,
        0.9220538084323588,
        0.9636722062642757,
        0.8075497824412124,
        0.8930169055095084,
        0.8992353443916027,
        0.6969867256971506,
        0.7489225387573243
      ],
      "n_prompts": 15
    },
    "2p_other_ai": {
      "condition": "2p_other_ai",
      "mean_slope": 0.8225959744973059,
      "ci_lower": 0.7809667025705175,
      "ci_upper": 0.8555414260816878,
      "std": 0.07337706324496038,
      "raw_slopes": [
        0.8694849241238373,
        0.8611807195039894,
        0.8703260765625878,
        0.8939204674500685,
        0.8039528108560119,
        0.6172711115617017,
        0.7737893553880544,
        0.8474702284886287,
        0.8287402561077705,
        0.9073547244071957,
        0.8715985499895534,
        0.839524962351872,
        0.8626422620736635,
        0.7245378439243022,
        0.7671453246703513
      ],
      "n_prompts": 15
    },
    "1p_human": {
      "condition": "1p_human",
      "mean_slope": 0.8662448472319504,
      "ci_lower": 0.8401768636993873,
      "ci_upper": 0.8924769020254413,
      "std": 0.05287913019710259,
      "raw_slopes": [
        0.8073325606492849,
        0.8426820603700784,
        0.831877788213583,
        0.8494233699945302,
        0.9201005495511568,
        0.8094642776709335,
        0.8467918891173143,
        0.9326967652027423,
        0.7671076838786786,
        0.928444115932171,
        0.9323807557041828,
        0.9205417655981504,
        0.8470421965305621,
        0.92263483771911,
        0.8351520923467782
      ],
      "n_prompts": 15
    },
    "2p_human": {
      "condition": "2p_human",
      "mean_slope": 0.8397801187099553,
      "ci_lower": 0.819012530353589,
      "ci_upper": 0.8600100288673851,
      "std": 0.042269360161629084,
      "raw_slopes": [
        0.8512619284483102,
        0.7900473851423997,
        0.7850926412985874,
        0.8648288974395162,
        0.9056092931674077,
        0.7944474046046917,
        0.8131972858538994,
        0.8671556326059193,
        0.7851664043389832,
        0.8760695049395927,
        0.8812037101158728,
        0.8432657122612,
        0.8512019950609941,
        0.9012500492426064,
        0.7869039361293497
      ],
      "n_prompts": 15
    }
  },
  "decomposition": {
    "person_main_effect": 0.01265463400855027,
    "referent_main_effect": 0.020804630632583976,
    "person_x_referent_interaction": -0.009850208621758338,
    "cell_means": {
      "1p_self_ai": 0.8491501918817178,
      "2p_self_ai": 0.848325709440769,
      "1p_other_ai": 0.8332706655600131,
      "2p_other_ai": 0.8225959744973059
    },
    "statistical_tests": {
      "person_test": {
        "U": 1098.0,
        "p": 0.492760696311366,
        "d": 0.15469473439006287,
        "significant": "False"
      },
      "referent_test": {
        "U": 498.0,
        "p": 0.4825169043645008,
        "d": 0.22324689016001115,
        "significant": "False"
      },
      "interaction_test": {
        "U": 98.0,
        "p": 0.5614474146848649,
        "significant": "False"
      }
    },
    "interpretation": "Null: no significant effects detected"
  },
  "is_instruct": false,
  "_metadata": {
    "timestamp": "2026-02-14T22:55:49.216510",
    "version": "1.0.0"
  }
}