{
  "model": "Llama-3.1-70B",
  "n_layers": 80,
  "injection_layer": 40,
  "alpha": 10.0,
  "cells": {
    "1p_self_ai": {
      "condition": "1p_self_ai",
      "mean_slope": 0.579385129290122,
      "ci_lower": 0.5498054180586426,
      "ci_upper": 0.6098495018920201,
      "std": 0.06000983253200346,
      "raw_slopes": [
        0.6567194998040655,
        0.6361821628198393,
        0.5285297116128407,
        0.679963434614786,
        0.6014136428792748,
        0.5635221838727453,
        0.5297487318851262,
        0.5169103524698325,
        0.6084634158445792,
        0.6059729704601899,
        0.5463993549906067,
        0.6039617255637614,
        0.6384529509419122,
        0.4617669924562465,
        0.5127698091360238
      ],
      "n_prompts": 15
    },
    "2p_self_ai": {
      "condition": "2p_self_ai",
      "mean_slope": 0.6230085109549808,
      "ci_lower": 0.5907319400456266,
      "ci_upper": 0.6579291557967476,
      "std": 0.06689326025226536,
      "raw_slopes": [
        0.7521024001639958,
        0.6190577495500696,
        0.6114494495834685,
        0.6983210022856549,
        0.5881957677358981,
        0.5991838098019641,
        0.5142517122274044,
        0.5993820015082437,
        0.6034474342670048,
        0.5982465487371912,
        0.5848865566065791,
        0.636719109752612,
        0.7274319349489337,
        0.5157722424834574,
        0.6966799446722356
      ],
      "n_prompts": 15
    },
    "1p_other_ai": {
      "condition": "1p_other_ai",
      "mean_slope": 0.5715474130903802,
      "ci_lower": 0.5461544544311744,
      "ci_upper": 0.597183890630671,
      "std": 0.05064807277601958,
      "raw_slopes": [
        0.6457018100745682,
        0.6290652863192066,
        0.5280858843008974,
        0.6212983294678449,
        0.5440563549467592,
        0.5449558168817414,
        0.5195473997275333,
        0.4939493840004668,
        0.6212283829978437,
        0.6187625018002614,
        0.5302666586738143,
        0.571083700567428,
        0.6428886775563404,
        0.5176459938902792,
        0.5446750151507178
      ],
      "n_prompts": 15
    },
    "2p_other_ai": {
      "condition": "2p_other_ai",
      "mean_slope": 0.6188171921184915,
      "ci_lower": 0.5782920196630978,
      "ci_upper": 0.6564762408497408,
      "std": 0.07687777200957019,
      "raw_slopes": [
        0.7651702827069816,
        0.682769271490945,
        0.6174723843696192,
        0.6593719425612944,
        0.5719698872172585,
        0.5858084497375736,
        0.5176847682213916,
        0.5690310910539823,
        0.664314858461634,
        0.5690753043928021,
        0.5406684856477418,
        0.5869674210141345,
        0.7735937689527114,
        0.5254297784859868,
        0.6529301874633131
      ],
      "n_prompts": 15
    },
    "1p_human": {
      "condition": "1p_human",
      "mean_slope": 0.6032126103903518,
      "ci_lower": 0.578933976928076,
      "ci_upper": 0.6265541200440438,
      "std": 0.045872752322668006,
      "raw_slopes": [
        0.64908970699525,
        0.5432376137482069,
        0.5715709565168919,
        0.5745381068221623,
        0.6459173562938229,
        0.6430017572406531,
        0.5683277008904747,
        0.5997793071153688,
        0.5247350678434963,
        0.6140965064515763,
        0.7065194967651902,
        0.5726331380138253,
        0.5822065148859039,
        0.6235348300180112,
        0.6290010962544417
      ],
      "n_prompts": 15
    },
    "2p_human": {
      "condition": "2p_human",
      "mean_slope": 0.6257366740699853,
      "ci_lower": 0.6001670065448106,
      "ci_upper": 0.6548908321401935,
      "std": 0.05445142114861567,
      "raw_slopes": [
        0.5962595885958499,
        0.6261890291273033,
        0.7008297550745349,
        0.6001779691475193,
        0.64619618301991,
        0.6304447024669252,
        0.5796920675050474,
        0.6082680613976705,
        0.5901720234198149,
        0.5952545744393153,
        0.6995761337747716,
        0.5468547569542396,
        0.5844154921526308,
        0.618787385006112,
        0.7629323889681364
      ],
      "n_prompts": 15
    }
  },
  "decomposition": {
    "person_main_effect": -0.03780574145753468,
    "referent_main_effect": 0.0060145175181157695,
    "person_x_referent_interaction": 0.0036463973632525626,
    "cell_means": {
      "1p_self_ai": 0.579385129290122,
      "2p_self_ai": 0.6230085109549808,
      "1p_other_ai": 0.5715474130903802,
      "2p_other_ai": 0.6188171921184915
    },
    "statistical_tests": {
      "person_test": {
        "U": 738.0,
        "p": 0.027029057011788808,
        "d": -0.6216790517096764,
        "significant": "True"
      },
      "referent_test": {
        "U": 472.0,
        "p": 0.7505872315223063,
        "d": 0.08815372779317773,
        "significant": "False"
      },
      "interaction_test": {
        "U": 126.0,
        "p": 0.5897385933186072,
        "significant": "False"
      }
    },
    "interpretation": "Grammatical only: 1st person processed differently regardless of content"
  },
  "is_instruct": false,
  "_metadata": {
    "timestamp": "2026-02-21T05:08:30.330444",
    "version": "1.0.0"
  }
}