{
  "model": "gemma-3-1b-it",
  "n_layers": 26,
  "injection_layer": 13,
  "alpha": 10.0,
  "cells": {
    "1p_self_ai": {
      "condition": "1p_self_ai",
      "mean_slope": 0.8322765774404007,
      "ci_lower": 0.7727580498114581,
      "ci_upper": 0.8979333513019427,
      "std": 0.12210206732773586,
      "raw_slopes": [
        0.7882264927029607,
        0.8608669627990041,
        0.7504231275192326,
        1.0031236725460202,
        0.8090150484016962,
        1.0100806472556931,
        0.6844355879085404,
        0.6908502514873232,
        0.6920946804540499,
        0.7408550360373086,
        1.1173073537647724,
        0.8334992655685969,
        0.8679542903389248,
        0.8211107482867581,
        0.8143054965351307
      ],
      "n_prompts": 15
    },
    "2p_self_ai": {
      "condition": "2p_self_ai",
      "mean_slope": 0.8942574426354394,
      "ci_lower": 0.7721193133463106,
      "ci_upper": 1.0768834941541507,
      "std": 0.31304383738741176,
      "raw_slopes": [
        0.7686407374484197,
        0.7679257387561456,
        0.7442891374230384,
        0.8229199059839757,
        0.7512150928378104,
        0.9821604900062082,
        0.8009489348956518,
        1.9707306652728993,
        1.2064988847289764,
        0.7992725986987352,
        0.7350542396306989,
        0.7412445257816994,
        0.7806051623608384,
        0.861867413989135,
        0.6804881117173601
      ],
      "n_prompts": 15
    },
    "1p_other_ai": {
      "condition": "1p_other_ai",
      "mean_slope": 0.8982085820863996,
      "ci_lower": 0.7712667545150698,
      "ci_upper": 1.0382258610720079,
      "std": 0.27149493369250977,
      "raw_slopes": [
        0.7599766296999793,
        1.2363066194312913,
        0.796101016657693,
        0.8494371819709027,
        0.8143066111952065,
        1.2443415204595238,
        0.833879345761878,
        0.9147039215479575,
        0.6863984295300074,
        0.7801756465009281,
        0.8902467294995272,
        0.4132254826171057,
        0.8717298209667206,
        0.7658476584724014,
        1.6164521169848736
      ],
      "n_prompts": 15
    },
    "2p_other_ai": {
      "condition": "2p_other_ai",
      "mean_slope": 0.8300558099523186,
      "ci_lower": 0.6974447844004523,
      "ci_upper": 1.00312437806855,
      "std": 0.2843266838858075,
      "raw_slopes": [
        0.7363065361444439,
        0.8152904824486797,
        1.2470965490543418,
        0.7977663491453441,
        0.7713958424116883,
        0.4511184351784842,
        0.6772729823631898,
        0.8790819453341618,
        0.7507650522249085,
        0.5231434575148989,
        0.7729600008044922,
        0.7507955538375034,
        0.8470252688441957,
        0.7418247487928183,
        1.688993945185627
      ],
      "n_prompts": 15
    },
    "1p_human": {
      "condition": "1p_human",
      "mean_slope": 0.8117492000528033,
      "ci_lower": 0.6649446085973507,
      "ci_upper": 0.9742726039587117,
      "std": 0.31322694664912704,
      "raw_slopes": [
        0.8998873969539996,
        0.7967491607580863,
        0.3392354207379477,
        0.714187477316175,
        0.8165840304323604,
        0.5907145823751176,
        0.775136584682124,
        1.3654626575963833,
        0.7342723634626183,
        0.9121700538588422,
        0.6823759675025938,
        0.5973396104361329,
        1.6448856528316225,
        0.813531398773193,
        0.49370564307485293
      ],
      "n_prompts": 15
    },
    "2p_human": {
      "condition": "2p_human",
      "mean_slope": 0.8025146849985632,
      "ci_lower": 0.7200492789773713,
      "ci_upper": 0.8746017552293569,
      "std": 0.14835958135393054,
      "raw_slopes": [
        0.6803211163995521,
        0.7118524467306477,
        0.8831888341477938,
        0.9101049474307468,
        0.5240399813545601,
        0.5576410389372279,
        0.907645375866975,
        0.6204558100019181,
        0.8140876899872506,
        0.8452212033527235,
        0.9007015579513139,
        0.8511081071836606,
        0.7948578500321933,
        1.0106630205575908,
        1.0258312950442943
      ],
      "n_prompts": 15
    }
  },
  "decomposition": {
    "person_main_effect": 0.00513547399776082,
    "referent_main_effect": -0.0008651859814389207,
    "person_x_referent_interaction": -0.13013363732911964,
    "cell_means": {
      "1p_self_ai": 0.8322765774404007,
      "2p_self_ai": 0.8942574426354394,
      "1p_other_ai": 0.8982085820863996,
      "2p_other_ai": 0.8300558099523186
    },
    "statistical_tests": {
      "person_test": {
        "U": 1063.0,
        "p": 0.6865914513314422,
        "d": 0.01998748929929421,
        "significant": "False"
      },
      "referent_test": {
        "U": 444.0,
        "p": 0.9351919702393391,
        "d": -0.0033196696052649323,
        "significant": "False"
      },
      "interaction_test": {
        "U": 101.0,
        "p": 0.6482039260122094,
        "significant": "False"
      }
    },
    "interpretation": "Null: no significant effects detected"
  },
  "is_instruct": true,
  "_metadata": {
    "timestamp": "2026-02-15T00:00:01.274218",
    "version": "1.0.0"
  }
}