{
  "model": "gemma-3-4b-pt",
  "n_layers": 34,
  "injection_layer": 17,
  "alpha": 10.0,
  "cells": {
    "1p_self_ai": {
      "condition": "1p_self_ai",
      "mean_slope": 0.6904815279601769,
      "ci_lower": 0.4305496752746596,
      "ci_upper": 0.9277274315585522,
      "std": 0.48449568157323414,
      "raw_slopes": [
        0.6654656352577628,
        0.9662264648865866,
        0.534457299047774,
        0.8277395937960228,
        0.7985008111039362,
        0.9913782575955757,
        0.7334042742684648,
        0.5983223606596938,
        1.7389200961196813,
        0.24839088279794866,
        0.3478963479890928,
        -0.18452512107707647,
        -0.1447514107143813,
        1.2728182476578334,
        0.9629791800137404
      ],
      "n_prompts": 15
    },
    "2p_self_ai": {
      "condition": "2p_self_ai",
      "mean_slope": 0.9172202498765861,
      "ci_lower": 0.547401733834924,
      "ci_upper": 1.3628499541708992,
      "std": 0.8052471019752254,
      "raw_slopes": [
        0.8390482439526491,
        0.6993856085996543,
        0.9083178384495633,
        0.43867322339543274,
        0.2874316607202803,
        0.7129922889705216,
        0.7674089219953334,
        2.792700175013576,
        0.7714823558926582,
        -0.4245105826428959,
        0.4865208521485329,
        1.046540579379915,
        0.8337882780336907,
        2.7684936536209928,
        0.8300306506188851
      ],
      "n_prompts": 15
    },
    "1p_other_ai": {
      "condition": "1p_other_ai",
      "mean_slope": 1.1901785846765125,
      "ci_lower": 0.9137076354028161,
      "ci_upper": 1.4917761471680253,
      "std": 0.6051809233162175,
      "raw_slopes": [
        1.6728426668342653,
        0.7253787647236835,
        1.5299146021296695,
        1.2575740248292357,
        1.147510478473627,
        1.1179669251317506,
        1.125630184664176,
        1.0605591535076992,
        1.0668848486228302,
        0.36494354166827364,
        2.7666294914680525,
        0.7630106734541747,
        0.6716879763364139,
        2.0796202441508114,
        0.502525194153026
      ],
      "n_prompts": 15
    },
    "2p_other_ai": {
      "condition": "2p_other_ai",
      "mean_slope": 0.9031767571324536,
      "ci_lower": 0.6252186376059838,
      "ci_upper": 1.2261034214870499,
      "std": 0.5970297964533958,
      "raw_slopes": [
        1.2735630898004666,
        0.9327637344066587,
        0.9515764419122468,
        0.9465064596916948,
        0.19375439489280785,
        0.80469221376947,
        0.2523417840578727,
        -0.030925206579528512,
        0.9047166683178928,
        0.997784987677421,
        0.746047083501305,
        0.33614767406667984,
        1.5816981486976147,
        2.4870140948465895,
        1.1699697879276107
      ],
      "n_prompts": 15
    },
    "1p_human": {
      "condition": "1p_human",
      "mean_slope": 0.7787117340126178,
      "ci_lower": 0.6271950919241783,
      "ci_upper": 0.9286813811793777,
      "std": 0.29569402026429614,
      "raw_slopes": [
        0.8503236997586031,
        1.0942006711448944,
        0.42204654292090915,
        1.028092111368756,
        0.8804522919785844,
        0.5952989155119593,
        0.1663416789492944,
        1.1827556228080949,
        0.9887769550412568,
        1.063706643764789,
        0.4420168927410148,
        0.48643806864927114,
        1.0582205048301718,
        0.8200696416117331,
        0.6019357691099355
      ],
      "n_prompts": 15
    },
    "2p_human": {
      "condition": "2p_human",
      "mean_slope": 0.6877632209659369,
      "ci_lower": 0.4719432504963806,
      "ci_upper": 0.9042662770555812,
      "std": 0.40344275588824563,
      "raw_slopes": [
        0.3044068797890629,
        0.634932288933884,
        0.25451954446200814,
        1.4178938818248836,
        0.2211053023380892,
        0.5711387540612903,
        -0.03182628607111312,
        1.0329357061739808,
        0.7299402481211084,
        0.9196590088062232,
        0.6541725788797651,
        1.0077255050567064,
        1.2832116964917921,
        0.9643157643132976,
        0.3523174413080726
      ],
      "n_prompts": 15
    }
  },
  "decomposition": {
    "person_main_effect": 0.05040387289144377,
    "referent_main_effect": -0.24282678198610164,
    "person_x_referent_interaction": -0.5137405494604681,
    "cell_means": {
      "1p_self_ai": 0.6904815279601769,
      "2p_self_ai": 0.9172202498765861,
      "1p_other_ai": 1.1901785846765125,
      "2p_other_ai": 0.9031767571324536
    },
    "statistical_tests": {
      "person_test": {
        "U": 1129.0,
        "p": 0.34922929645998746,
        "d": 0.08662483437449331,
        "significant": "False"
      },
      "referent_test": {
        "U": 316.0,
        "p": 0.048413499464813624,
        "d": -0.3755023443917227,
        "significant": "True"
      },
      "interaction_test": {
        "U": 78.0,
        "p": 0.15846460599820356,
        "significant": "False"
      }
    },
    "interpretation": "Referent only: self-referent processed differently regardless of person"
  },
  "is_instruct": false,
  "_metadata": {
    "timestamp": "2026-02-15T00:01:07.009650",
    "version": "1.0.0"
  }
}