{
  "model": "Qwen3-1.7B-Base",
  "n_layers": 28,
  "injection_layer": 14,
  "alpha": 10.0,
  "cells": {
    "1p_self_ai": {
      "condition": "1p_self_ai",
      "mean_slope": 0.8562493004707189,
      "ci_lower": 0.8187935537363473,
      "ci_upper": 0.894185450955461,
      "std": 0.07454839765600722,
      "raw_slopes": [
        0.9371578276157376,
        0.8915086122659537,
        0.8649905699949997,
        0.9041571566691765,
        0.8891759354334611,
        0.7148628665850711,
        0.9182060461777906,
        0.8234167355757491,
        0.8618056068053612,
        0.9505158763665419,
        0.8131507603021765,
        0.8919818648925193,
        0.9193603270328962,
        0.7226986912580636,
        0.7407506300852849
      ],
      "n_prompts": 15
    },
    "2p_self_ai": {
      "condition": "2p_self_ai",
      "mean_slope": 0.8476216173630493,
      "ci_lower": 0.8046265060129838,
      "ci_upper": 0.8864127439887094,
      "std": 0.07983877468963936,
      "raw_slopes": [
        0.8318848229371584,
        0.8897609261366036,
        0.8660269347520974,
        0.9096564691800336,
        0.8053074318629043,
        0.6785811103307283,
        0.9273602481071767,
        0.8727028360733617,
        0.7851391388819768,
        0.8826281978533815,
        0.9068898031344778,
        0.875698687480046,
        0.9937106542862376,
        0.742898631095886,
        0.7460783683336698
      ],
      "n_prompts": 15
    },
    "1p_other_ai": {
      "condition": "1p_other_ai",
      "mean_slope": 0.8332575172338729,
      "ci_lower": 0.7982386109454508,
      "ci_upper": 0.8694687570150081,
      "std": 0.07372228508524792,
      "raw_slopes": [
        0.8815850574236647,
        0.7810769264514626,
        0.8162928397838886,
        0.899556318613199,
        0.8937527101773481,
        0.6978824532949006,
        0.7207765294955327,
        0.8438523127482486,
        0.9577174076667198,
        0.91149229315611,
        0.7934272587299346,
        0.9091561794281005,
        0.8502430746188528,
        0.7665242525247427,
        0.7755271443953881
      ],
      "n_prompts": 15
    },
    "2p_other_ai": {
      "condition": "2p_other_ai",
      "mean_slope": 0.8280266946248518,
      "ci_lower": 0.7842188899501774,
      "ci_upper": 0.861440482326425,
      "std": 0.07484770441376666,
      "raw_slopes": [
        0.8170738456340937,
        0.8539443052732025,
        0.8766863529498758,
        0.8771286969001475,
        0.8370938942982601,
        0.6285357117652892,
        0.7504356851944555,
        0.8575298657784094,
        0.8974053900975445,
        0.8311562496882217,
        0.8403108738935912,
        0.9312487143736617,
        0.9063493701127858,
        0.7628404699839076,
        0.7526609934293305
      ],
      "n_prompts": 15
    },
    "1p_human": {
      "condition": "1p_human",
      "mean_slope": 0.8787732759500162,
      "ci_lower": 0.8496345496391638,
      "ci_upper": 0.9049229580064613,
      "std": 0.054378087558966955,
      "raw_slopes": [
        0.8372575099651628,
        0.8086987825540395,
        0.8668201941710252,
        0.8711966560437128,
        0.9230248267834003,
        0.8312727180811076,
        0.8914172016657314,
        0.9164706936249364,
        0.7650885297701907,
        0.923258494413816,
        0.9313292397902561,
        0.89857830451085,
        0.8975332049223091,
        0.9852811886714054,
        0.8343715942822968
      ],
      "n_prompts": 15
    },
    "2p_human": {
      "condition": "2p_human",
      "mean_slope": 0.8724775362702515,
      "ci_lower": 0.8414763496835261,
      "ci_upper": 0.9008166023498543,
      "std": 0.058593122681955115,
      "raw_slopes": [
        0.8729085926826183,
        0.8493528311069193,
        0.8014231782693129,
        0.9041902189071361,
        0.9004270030901981,
        0.7883342912563909,
        0.8146534713414999,
        0.8428461281152871,
        0.8079097683613115,
        0.9334501628692332,
        0.9970119063670818,
        0.9132336954657847,
        0.8979715723257797,
        0.940663819358899,
        0.8227864045363203
      ],
      "n_prompts": 15
    }
  },
  "decomposition": {
    "person_main_effect": 0.006718081798818498,
    "referent_main_effect": 0.021293352987521885,
    "person_x_referent_interaction": 0.003396860498648513,
    "cell_means": {
      "1p_self_ai": 0.8562493004707189,
      "2p_self_ai": 0.8476216173630493,
      "1p_other_ai": 0.8332575172338729,
      "2p_other_ai": 0.8280266946248518
    },
    "statistical_tests": {
      "person_test": {
        "U": 1082.0,
        "p": 0.5776577085594898,
        "d": 0.09288448623380108,
        "significant": "False"
      },
      "referent_test": {
        "U": 524.0,
        "p": 0.27718918977304785,
        "d": 0.2806879553337309,
        "significant": "False"
      },
      "interaction_test": {
        "U": 119.0,
        "p": 0.8034625743147712,
        "significant": "False"
      }
    },
    "interpretation": "Null: no significant effects detected"
  },
  "is_instruct": false,
  "_metadata": {
    "timestamp": "2026-02-15T18:59:19.576166",
    "version": "1.0.0"
  }
}