{
  "model": "Qwen3-4B",
  "n_layers": 36,
  "injection_layer": 18,
  "alpha": 10.0,
  "cells": {
    "1p_self_ai": {
      "condition": "1p_self_ai",
      "mean_slope": 0.8183433742530576,
      "ci_lower": 0.7930611445014323,
      "ci_upper": 0.8480248191283769,
      "std": 0.05427183368509371,
      "raw_slopes": [
        0.8717714630228817,
        0.8406944623672554,
        0.7698909033193677,
        0.829096154070491,
        0.8329528337661696,
        0.7566176180499995,
        0.8143934971961444,
        0.8316541095451673,
        0.7671764535431521,
        0.9500644756913551,
        0.7998060601599076,
        0.8697179319688778,
        0.8463190967453524,
        0.7337959045227097,
        0.76119964982703
      ],
      "n_prompts": 15
    },
    "2p_self_ai": {
      "condition": "2p_self_ai",
      "mean_slope": 0.8235298888602125,
      "ci_lower": 0.792360996922749,
      "ci_upper": 0.8547054819222942,
      "std": 0.059183862034809874,
      "raw_slopes": [
        0.8583256247981045,
        0.7683289248507827,
        0.8174136689757414,
        0.8808365671811826,
        0.8584526034516077,
        0.7555320176177718,
        0.8350209337269929,
        0.8437879603160052,
        0.8987579562531165,
        0.924259671854899,
        0.7362917700419116,
        0.8384919524561878,
        0.8481304946329572,
        0.7139235192408132,
        0.7753946675051107
      ],
      "n_prompts": 15
    },
    "1p_other_ai": {
      "condition": "1p_other_ai",
      "mean_slope": 0.8180865997223662,
      "ci_lower": 0.7801694905720995,
      "ci_upper": 0.8596157636500364,
      "std": 0.08057359992596175,
      "raw_slopes": [
        0.8445589066289894,
        0.7985501333655955,
        0.8124358668784974,
        0.938783601433869,
        0.9079261978528815,
        0.710252987341984,
        0.7037366399824068,
        0.8623102655167182,
        0.8054062930792106,
        0.9009891527909613,
        0.7940803253244688,
        0.8338986667501668,
        0.9399571806746001,
        0.7257343816683388,
        0.6926783965468036
      ],
      "n_prompts": 15
    },
    "2p_other_ai": {
      "condition": "2p_other_ai",
      "mean_slope": 0.8340127643324641,
      "ci_lower": 0.7871126334682891,
      "ci_upper": 0.87507647493191,
      "std": 0.08557936249882124,
      "raw_slopes": [
        0.7963071371840988,
        0.7748999721125551,
        0.8717855154176244,
        0.9348360558873727,
        0.8837663449185552,
        0.6942729961023242,
        0.8645675695809786,
        0.8625004407791159,
        0.9329195952636907,
        0.8673775911146641,
        0.872730516612345,
        0.7838484895856754,
        0.9706873809774593,
        0.7019398439410302,
        0.6977520155094724
      ],
      "n_prompts": 15
    },
    "1p_human": {
      "condition": "1p_human",
      "mean_slope": 0.8649730152389951,
      "ci_lower": 0.8418677304274524,
      "ci_upper": 0.8870072318216778,
      "std": 0.04553605366844559,
      "raw_slopes": [
        0.8547860165314038,
        0.8131916145606674,
        0.8943511159058324,
        0.8620216742204069,
        0.9014693639780342,
        0.8474073409111507,
        0.9172538540127106,
        0.8480838549210928,
        0.7733545001630812,
        0.863174869641431,
        0.8360526126235629,
        0.8784773728057695,
        0.9602482902007207,
        0.9086219542904905,
        0.816100793818571
      ],
      "n_prompts": 15
    },
    "2p_human": {
      "condition": "2p_human",
      "mean_slope": 0.8553523715919937,
      "ci_lower": 0.828030534020968,
      "ci_upper": 0.8833223981655923,
      "std": 0.05655319140962007,
      "raw_slopes": [
        0.8249619130748711,
        0.7575002400314107,
        0.8765152153954047,
        0.8634114244220428,
        0.936242574600981,
        0.8231214521101016,
        0.8179433396541665,
        0.8836728230164884,
        0.7878916608659843,
        0.8495177350730717,
        0.7887341715049447,
        0.8295570699607624,
        0.9197504716022832,
        0.9212158266051262,
        0.9502496559622671
      ],
      "n_prompts": 15
    }
  },
  "decomposition": {
    "person_main_effect": -0.0038306785234174523,
    "referent_main_effect": -0.005113050470780367,
    "person_x_referent_interaction": 0.010739650002942969,
    "cell_means": {
      "1p_self_ai": 0.8183433742530576,
      "2p_self_ai": 0.8235298888602125,
      "1p_other_ai": 0.8180865997223662,
      "2p_other_ai": 0.8340127643324641
    },
    "statistical_tests": {
      "person_test": {
        "U": 955.0,
        "p": 0.6455356546542246,
        "d": -0.056562878241109664,
        "significant": "False"
      },
      "referent_test": {
        "U": 415.0,
        "p": 0.6100075520376812,
        "d": -0.0715893686986053,
        "significant": "False"
      },
      "interaction_test": {
        "U": 113.0,
        "p": 1.0,
        "significant": "False"
      }
    },
    "interpretation": "Null: no significant effects detected"
  },
  "is_instruct": false,
  "_metadata": {
    "timestamp": "2026-02-14T22:56:53.493744",
    "version": "1.0.0"
  }
}