{
  "model": "Llama-3.1-8B-Instruct",
  "n_layers": 32,
  "injection_layer": 16,
  "alpha": 10.0,
  "cells": {
    "1p_self_ai": {
      "condition": "1p_self_ai",
      "mean_slope": 0.6716697058724421,
      "ci_lower": 0.6348156880169522,
      "ci_upper": 0.7130918499663763,
      "std": 0.07874020265071646,
      "raw_slopes": [
        0.7347110194318435,
        0.7008221724454095,
        0.5630144476890564,
        0.8415979164488175,
        0.6660818099975586,
        0.6072960881625905,
        0.6294211391140433,
        0.7103498350171482,
        0.6002938537036672,
        0.7109947968931759,
        0.6359204215161941,
        0.6765652894973755,
        0.8079502659685471,
        0.6247673630714417,
        0.5652591691297644
      ],
      "n_prompts": 15
    },
    "2p_self_ai": {
      "condition": "2p_self_ai",
      "mean_slope": 0.6609043715397518,
      "ci_lower": 0.6328543783975583,
      "ci_upper": 0.6882563937832328,
      "std": 0.0556494327072863,
      "raw_slopes": [
        0.7107879536993363,
        0.720294904182939,
        0.6334745014415067,
        0.7834858873311211,
        0.6669928571757149,
        0.6826188059414134,
        0.6613997410325443,
        0.6858666419982911,
        0.5969236394938301,
        0.6166313430842232,
        0.6437868423321668,
        0.6585544929784887,
        0.7011689452564015,
        0.5988571079338298,
        0.5527219092144685
      ],
      "n_prompts": 15
    },
    "1p_other_ai": {
      "condition": "1p_other_ai",
      "mean_slope": 0.6771845894467596,
      "ci_lower": 0.6420351566204838,
      "ci_upper": 0.7205134711551899,
      "std": 0.07654867304835312,
      "raw_slopes": [
        0.7487271238775814,
        0.6121599011561449,
        0.6384555599268745,
        0.8442196523441988,
        0.6656559432254118,
        0.6200539063004886,
        0.5446182629641365,
        0.672113786725437,
        0.7262728059993071,
        0.6823570419760311,
        0.6553081873585196,
        0.6953939490458545,
        0.8100544827825883,
        0.5990535332876094,
        0.643324704731212
      ],
      "n_prompts": 15
    },
    "2p_other_ai": {
      "condition": "2p_other_ai",
      "mean_slope": 0.665495076413248,
      "ci_lower": 0.6335930761297544,
      "ci_upper": 0.6978940627995659,
      "std": 0.06178592659224611,
      "raw_slopes": [
        0.7098605282166425,
        0.6202493436196271,
        0.7020087606766645,
        0.8000607294194838,
        0.6854214079239789,
        0.7086087616050945,
        0.5364534560371848,
        0.6419816693838905,
        0.6114376601050882,
        0.6544821101076462,
        0.6574545660439659,
        0.6788078104748445,
        0.7410634019795586,
        0.598589630687938,
        0.6359463099171133
      ],
      "n_prompts": 15
    },
    "1p_human": {
      "condition": "1p_human",
      "mean_slope": 0.7239668293092765,
      "ci_lower": 0.7042305913894783,
      "ci_upper": 0.7455888961068554,
      "std": 0.03931942862450864,
      "raw_slopes": [
        0.7093324149356169,
        0.6652323877110201,
        0.7437827692312353,
        0.7292531230870415,
        0.791516042807523,
        0.6948908504317789,
        0.6735014123075148,
        0.7441275098744561,
        0.6618930806131924,
        0.7404341536409714,
        0.7062694062204922,
        0.7867957118679495,
        0.7721791695146,
        0.7184700587216546,
        0.721824348674101
      ],
      "n_prompts": 15
    },
    "2p_human": {
      "condition": "2p_human",
      "mean_slope": 0.7198854439749437,
      "ci_lower": 0.6945585824490762,
      "ci_upper": 0.7448633160973881,
      "std": 0.050177994781097655,
      "raw_slopes": [
        0.6879102966364692,
        0.6741962808019974,
        0.7540745345985188,
        0.729303996703204,
        0.7733736944549224,
        0.703971050416722,
        0.6428987734458026,
        0.677678852221545,
        0.6558891661026899,
        0.7319207205491908,
        0.7211831106859095,
        0.7542344384333667,
        0.7808231876176946,
        0.6815274375326493,
        0.8292961194234736
      ],
      "n_prompts": 15
    }
  },
  "decomposition": {
    "person_main_effect": 0.008845410900178097,
    "referent_main_effect": -0.005052794223907031,
    "person_x_referent_interaction": -0.0009241787008212876,
    "cell_means": {
      "1p_self_ai": 0.6716697058724421,
      "2p_self_ai": 0.6609043715397518,
      "1p_other_ai": 0.6771845894467596,
      "2p_other_ai": 0.665495076413248
    },
    "statistical_tests": {
      "person_test": {
        "U": 1084.0,
        "p": 0.5666794080991926,
        "d": 0.13224718132398247,
        "significant": "False"
      },
      "referent_test": {
        "U": 434.0,
        "p": 0.8187456534765797,
        "d": -0.07312080653115259,
        "significant": "False"
      },
      "interaction_test": {
        "U": 107.0,
        "p": 0.8357050269952793,
        "significant": "False"
      }
    },
    "interpretation": "Null: no significant effects detected"
  },
  "is_instruct": true,
  "_metadata": {
    "timestamp": "2026-02-15T00:03:20.935702",
    "version": "1.0.0"
  }
}