{
  "model": "Qwen3-0.6B",
  "n_layers": 28,
  "injection_layer": 14,
  "alpha": 10.0,
  "cells": {
    "1p_self_ai": {
      "condition": "1p_self_ai",
      "mean_slope": 0.8494666337814086,
      "ci_lower": 0.8058960298532859,
      "ci_upper": 0.8951797872441699,
      "std": 0.08793637438272149,
      "raw_slopes": [
        0.8656548972313219,
        0.753232616644639,
        0.8365864992141722,
        0.9780699363121618,
        0.9149793909146234,
        0.7284315173442546,
        0.7875072515927827,
        0.8539653438788192,
        0.8916739899378556,
        0.9080535842822148,
        0.72694984124257,
        0.9075858226189246,
        1.0310326784849164,
        0.7632765953357402,
        0.7949995416861315
      ],
      "n_prompts": 15
    },
    "2p_self_ai": {
      "condition": "2p_self_ai",
      "mean_slope": 0.8450123099180367,
      "ci_lower": 0.8159613886620752,
      "ci_upper": 0.8761703680341059,
      "std": 0.06073012868274078,
      "raw_slopes": [
        0.9874514809021582,
        0.8016163647174833,
        0.8651880823648888,
        0.918824877188756,
        0.8612080519015972,
        0.7294415831565855,
        0.787236239359929,
        0.8365564493032601,
        0.8137220006722669,
        0.855224863382486,
        0.9014024422718928,
        0.8756040513515471,
        0.8384494290902061,
        0.8267287928324476,
        0.7765299402750456
      ],
      "n_prompts": 15
    },
    "1p_other_ai": {
      "condition": "1p_other_ai",
      "mean_slope": 0.8424732943375904,
      "ci_lower": 0.8040609082075267,
      "ci_upper": 0.8827526307724987,
      "std": 0.08146359182346109,
      "raw_slopes": [
        0.8783900999105894,
        0.787298153913938,
        0.8432528546223274,
        0.8392521541852216,
        0.8400635902698221,
        0.7659852541410005,
        0.730809564773853,
        0.8797429061852968,
        0.9545419129041525,
        0.9813362355415636,
        0.6967244918529804,
        0.9466621320981243,
        0.9058919787406923,
        0.7565544953713049,
        0.8305935905529901
      ],
      "n_prompts": 15
    },
    "2p_other_ai": {
      "condition": "2p_other_ai",
      "mean_slope": 0.8199378260588035,
      "ci_lower": 0.7904335166101272,
      "ci_upper": 0.8534940753380457,
      "std": 0.060981374287221723,
      "raw_slopes": [
        0.9328856445275819,
        0.7766153078812817,
        0.7919448774594527,
        0.8564383048277633,
        0.808470669159522,
        0.7309853251163774,
        0.7611137743179615,
        0.8119189684207622,
        0.8279845063502971,
        0.8908485962794378,
        0.7535266775351303,
        0.9466781969253829,
        0.783445611366859,
        0.8284461434070878,
        0.7977647873071522
      ],
      "n_prompts": 15
    },
    "1p_human": {
      "condition": "1p_human",
      "mean_slope": 0.8578962878233346,
      "ci_lower": 0.8300282685913334,
      "ci_upper": 0.8896146742949882,
      "std": 0.06010542695982277,
      "raw_slopes": [
        0.8245248482777522,
        0.8237073797446028,
        0.8749077663971826,
        0.9124937896545116,
        0.9143624745882472,
        0.8426598154581508,
        0.8152122515898481,
        0.9810502779025299,
        0.7503521570792563,
        0.9547356816438526,
        0.7976695124919596,
        0.8692131858605604,
        0.8366869027797991,
        0.8676042419213514,
        0.8032640319604138
      ],
      "n_prompts": 15
    },
    "2p_human": {
      "condition": "2p_human",
      "mean_slope": 0.8248116999711745,
      "ci_lower": 0.8035032006654983,
      "ci_upper": 0.8463076410461693,
      "std": 0.0440146457703018,
      "raw_slopes": [
        0.7983144998550414,
        0.7537863905613238,
        0.7782458158639761,
        0.8699428860957803,
        0.8395262484367076,
        0.7947150276257441,
        0.8119988065499524,
        0.8853995758753557,
        0.785501997287457,
        0.9214446118244758,
        0.832736775966791,
        0.8411999789568092,
        0.8228687992462745,
        0.7805275110098031,
        0.8559665744121255
      ],
      "n_prompts": 15
    }
  },
  "decomposition": {
    "person_main_effect": 0.020024793331439694,
    "referent_main_effect": 0.01603391165152579,
    "person_x_referent_interaction": -0.018081144415414974,
    "cell_means": {
      "1p_self_ai": 0.8494666337814086,
      "2p_self_ai": 0.8450123099180367,
      "1p_other_ai": 0.8424732943375904,
      "2p_other_ai": 0.8199378260588035
    },
    "statistical_tests": {
      "person_test": {
        "U": 1181.0,
        "p": 0.17519156045269657,
        "d": 0.29419214400194027,
        "significant": "False"
      },
      "referent_test": {
        "U": 501.0,
        "p": 0.4552969069031376,
        "d": 0.21600570885664036,
        "significant": "False"
      },
      "interaction_test": {
        "U": 101.0,
        "p": 0.6482039260122094,
        "significant": "False"
      }
    },
    "interpretation": "Null: no significant effects detected"
  },
  "is_instruct": false,
  "_metadata": {
    "timestamp": "2026-02-14T22:55:04.420295",
    "version": "1.0.0"
  }
}