{
  "model": "Llama-3.1-8B",
  "n_layers": 32,
  "injection_layer": 16,
  "alpha": 10.0,
  "cells": {
    "1p_self_ai": {
      "condition": "1p_self_ai",
      "mean_slope": 0.6752441592543732,
      "ci_lower": 0.6434244286739359,
      "ci_upper": 0.7103683178196935,
      "std": 0.06339076123170898,
      "raw_slopes": [
        0.7978822858894572,
        0.6466710279969609,
        0.5856505169587977,
        0.7349643907126259,
        0.7124959524940042,
        0.6820293671944562,
        0.5795568487223457,
        0.719721492248423,
        0.6527509058223051,
        0.7258053134469425,
        0.6732100953074063,
        0.7509293626336491,
        0.6123302333495196,
        0.6655011306790745,
        0.5891634653596317
      ],
      "n_prompts": 15
    },
    "2p_self_ai": {
      "condition": "2p_self_ai",
      "mean_slope": 0.6698020139628764,
      "ci_lower": 0.6443448410676974,
      "ci_upper": 0.697856272824839,
      "std": 0.056341521124824635,
      "raw_slopes": [
        0.7904337069567512,
        0.652436939758413,
        0.6452132319702821,
        0.7083173492375542,
        0.7383007740273195,
        0.7470944039961871,
        0.5879836566307965,
        0.648018446038751,
        0.6437988190089955,
        0.6764152491793913,
        0.6120391032275032,
        0.7136514134266797,
        0.6246722466805402,
        0.6571361541748046,
        0.6015187151291791
      ],
      "n_prompts": 15
    },
    "1p_other_ai": {
      "condition": "1p_other_ai",
      "mean_slope": 0.6681735239309424,
      "ci_lower": 0.6353790358205635,
      "ci_upper": 0.7017728788034588,
      "std": 0.06587110525591465,
      "raw_slopes": [
        0.7266218606163474,
        0.6572580362067503,
        0.6316267097697539,
        0.8029008237754598,
        0.7015852829989265,
        0.6016384910134708,
        0.525579071746153,
        0.6672417994807748,
        0.7346213999916525,
        0.6578960622058195,
        0.6515574150225696,
        0.6993893178070293,
        0.728011716113371,
        0.5877930690260494,
        0.6488818031900069
      ],
      "n_prompts": 15
    },
    "2p_other_ai": {
      "condition": "2p_other_ai",
      "mean_slope": 0.6605454915177589,
      "ci_lower": 0.6319077254171466,
      "ci_upper": 0.6893650899132093,
      "std": 0.05532639848441312,
      "raw_slopes": [
        0.6492529932190391,
        0.6280933443237754,
        0.6914533068152035,
        0.7630484097144183,
        0.7068882928175084,
        0.7186759734854978,
        0.5382274676771724,
        0.6292201981824987,
        0.6177486566936269,
        0.6466047556961284,
        0.6623251792262582,
        0.6700554472558639,
        0.7421180097495809,
        0.6153936172232909,
        0.6290767206865199
      ],
      "n_prompts": 15
    },
    "1p_human": {
      "condition": "1p_human",
      "mean_slope": 0.7215996805476207,
      "ci_lower": 0.699556232130995,
      "ci_upper": 0.7437550525408165,
      "std": 0.042812684669214604,
      "raw_slopes": [
        0.7377503331969766,
        0.6791575466885286,
        0.720452554436291,
        0.7139335688422708,
        0.7849211568341535,
        0.6614935629508074,
        0.682774598458234,
        0.7414732827859767,
        0.6542933632345761,
        0.7501521166633157,
        0.7495391617803012,
        0.8068520742304185,
        0.7505192763665143,
        0.7062410663155948,
        0.6844415454303517
      ],
      "n_prompts": 15
    },
    "2p_human": {
      "condition": "2p_human",
      "mean_slope": 0.7258815655053831,
      "ci_lower": 0.7011224646369616,
      "ci_upper": 0.7478665949813292,
      "std": 0.04652457065416863,
      "raw_slopes": [
        0.7313520613838644,
        0.6948595064527848,
        0.7537505311124465,
        0.6928825578268837,
        0.7628536359352224,
        0.6710913402192733,
        0.6608724201426787,
        0.6897375219008501,
        0.661961051646401,
        0.7370253207052455,
        0.7906094782492694,
        0.7919167381875655,
        0.7610469053773319,
        0.6939051810432882,
        0.7943592323976405
      ],
      "n_prompts": 15
    }
  },
  "decomposition": {
    "person_main_effect": 0.0029294309156393528,
    "referent_main_effect": 0.008163578884274214,
    "person_x_referent_interaction": -0.0021858871216867692,
    "cell_means": {
      "1p_self_ai": 0.6752441592543732,
      "2p_self_ai": 0.6698020139628764,
      "1p_other_ai": 0.6681735239309424,
      "2p_other_ai": 0.6605454915177589
    },
    "statistical_tests": {
      "person_test": {
        "U": 1066.0,
        "p": 0.6688738291398668,
        "d": 0.047548319929764896,
        "significant": "False"
      },
      "referent_test": {
        "U": 470.0,
        "p": 0.773119942467523,
        "d": 0.13495514393980884,
        "significant": "False"
      },
      "interaction_test": {
        "U": 108.0,
        "p": 0.8682259903524354,
        "significant": "False"
      }
    },
    "interpretation": "Null: no significant effects detected"
  },
  "is_instruct": false,
  "_metadata": {
    "timestamp": "2026-02-15T00:02:16.558746",
    "version": "1.0.0"
  }
}