{
  "model": "Qwen3-0.6B-Base",
  "n_layers": 28,
  "injection_layer": 14,
  "alpha": 10.0,
  "cells": {
    "1p_self_ai": {
      "condition": "1p_self_ai",
      "mean_slope": 0.8859098697625672,
      "ci_lower": 0.8445736168240887,
      "ci_upper": 0.9247120973697074,
      "std": 0.08064097604321405,
      "raw_slopes": [
        0.9108156094184288,
        0.7941370308399199,
        0.9107379023845378,
        1.0129452677873463,
        0.9128527499162234,
        0.7679706023289606,
        0.794313921378209,
        0.8692203255800102,
        0.9007550404622003,
        0.9369249664820158,
        0.7690883269676794,
        0.9923633690063767,
        1.005922204714555,
        0.8085874117337737,
        0.902013317438272
      ],
      "n_prompts": 15
    },
    "2p_self_ai": {
      "condition": "2p_self_ai",
      "mean_slope": 0.8455155391112351,
      "ci_lower": 0.8064345854925804,
      "ci_upper": 0.8852040350093291,
      "std": 0.07957222821892242,
      "raw_slopes": [
        0.9721370962949899,
        0.8527715770097877,
        0.8199249528921567,
        0.8943331668010124,
        0.8436730439846333,
        0.6994598507881163,
        0.8492761547748858,
        0.8251177920744968,
        0.7914831885924704,
        0.9250373413929573,
        0.7538972753744858,
        0.9498631472770982,
        0.950409332834757,
        0.829411782668187,
        0.7259373839084918
      ],
      "n_prompts": 15
    },
    "1p_other_ai": {
      "condition": "1p_other_ai",
      "mean_slope": 0.8771889076324608,
      "ci_lower": 0.8290729098270335,
      "ci_upper": 0.9286639762887586,
      "std": 0.09843111252598145,
      "raw_slopes": [
        0.8886456223634572,
        0.8067872781019942,
        0.8217309062297526,
        1.0776332935461628,
        0.9226633090239307,
        0.7318838422115032,
        0.8153155977909381,
        0.8498635814740108,
        0.9543951405928682,
        1.0193213898401996,
        0.7556455144515404,
        0.970778336891761,
        0.95248800607828,
        0.8106744857934803,
        0.7800073100970341
      ],
      "n_prompts": 15
    },
    "2p_other_ai": {
      "condition": "2p_other_ai",
      "mean_slope": 0.8348168366994609,
      "ci_lower": 0.7974600448379147,
      "ci_upper": 0.8743107240108342,
      "std": 0.07454738307558902,
      "raw_slopes": [
        0.908148848093473,
        0.8348862290382384,
        0.791056750370906,
        0.8909271639126995,
        0.831838325353769,
        0.6904214813159061,
        0.8128008787448587,
        0.8116495370864867,
        0.87592359322768,
        0.961676267477182,
        0.7502816145236674,
        0.9664888835870301,
        0.8379991778960595,
        0.8147675505051245,
        0.7433862493588372
      ],
      "n_prompts": 15
    },
    "1p_human": {
      "condition": "1p_human",
      "mean_slope": 0.8713393480044144,
      "ci_lower": 0.8483391647927272,
      "ci_upper": 0.8996677496769488,
      "std": 0.04991266586091005,
      "raw_slopes": [
        0.8467777958283057,
        0.8229108516986553,
        0.8377584342773143,
        0.919240905229862,
        0.910015890231499,
        0.8055414135639484,
        0.8467204015988569,
        0.9445579597583182,
        0.8424705670430108,
        0.9806835500093606,
        0.8329012879958517,
        0.8524147620567908,
        0.8773383663250849,
        0.9228773062045755,
        0.8278807282447815
      ],
      "n_prompts": 15
    },
    "2p_human": {
      "condition": "2p_human",
      "mean_slope": 0.8411166257430346,
      "ci_lower": 0.8186378633150688,
      "ci_upper": 0.8615492384357328,
      "std": 0.04442482412551062,
      "raw_slopes": [
        0.7782021238253666,
        0.8522330141984498,
        0.8170689674524158,
        0.8854263406533458,
        0.8575571880890774,
        0.7879115737401521,
        0.8574357303289265,
        0.8219198447007399,
        0.7572089213591354,
        0.9441621982134304,
        0.8702008361999802,
        0.8610286630116974,
        0.8320671485020564,
        0.8568544598726124,
        0.8374723759981301
      ],
      "n_prompts": 15
    }
  },
  "decomposition": {
    "person_main_effect": 0.037663041281903786,
    "referent_main_effect": 0.009709832270940355,
    "person_x_referent_interaction": -0.0019777402816677503,
    "cell_means": {
      "1p_self_ai": 0.8859098697625672,
      "2p_self_ai": 0.8455155391112351,
      "1p_other_ai": 0.8771889076324608,
      "2p_other_ai": 0.8348168366994609
    },
    "statistical_tests": {
      "person_test": {
        "U": 1251.0,
        "p": 0.05478358042278827,
        "d": 0.5100876021455684,
        "significant": "False"
      },
      "referent_test": {
        "U": 489.0,
        "p": 0.5692201637415295,
        "d": 0.11250595106550777,
        "significant": "False"
      },
      "interaction_test": {
        "U": 118.0,
        "p": 0.8357050269952793,
        "significant": "False"
      }
    },
    "interpretation": "Null: no significant effects detected"
  },
  "is_instruct": false,
  "_metadata": {
    "timestamp": "2026-02-15T18:58:43.364395",
    "version": "1.0.0"
  }
}