{
  "model": "Llama-3.2-1B",
  "n_layers": 16,
  "injection_layer": 8,
  "alpha": 10.0,
  "cells": {
    "1p_self_ai": {
      "condition": "1p_self_ai",
      "mean_slope": 0.7826406440091511,
      "ci_lower": 0.7624317246509922,
      "ci_upper": 0.8005146499947894,
      "std": 0.03797570402729523,
      "raw_slopes": [
        0.7607096490405855,
        0.7092071516173226,
        0.8153665860493978,
        0.7424755096435547,
        0.7753053137234279,
        0.722384186018081,
        0.8009257642995744,
        0.8180739964757647,
        0.8288358251253763,
        0.8060837132590157,
        0.8040882576079595,
        0.8378879839465732,
        0.7950957999342964,
        0.7783550024032593,
        0.7448149209930783
      ],
      "n_prompts": 15
    },
    "2p_self_ai": {
      "condition": "2p_self_ai",
      "mean_slope": 0.7851509592835867,
      "ci_lower": 0.761744183091417,
      "ci_upper": 0.8093235199579172,
      "std": 0.048585296888742954,
      "raw_slopes": [
        0.7374445909545535,
        0.7162036753836132,
        0.89375562894912,
        0.7293846947806222,
        0.7677605975241888,
        0.7149063973199754,
        0.8278839758464268,
        0.8211723268032074,
        0.8140351119495574,
        0.787856229713985,
        0.8019994554065523,
        0.8234499295552572,
        0.7724495955875942,
        0.8188220234144301,
        0.7501401560647147
      ],
      "n_prompts": 15
    },
    "1p_other_ai": {
      "condition": "1p_other_ai",
      "mean_slope": 0.7988635704630896,
      "ci_lower": 0.776568069119775,
      "ci_upper": 0.8204465693400965,
      "std": 0.04355023590881088,
      "raw_slopes": [
        0.7130788848513648,
        0.773561696211497,
        0.8945200358118329,
        0.7899196857497806,
        0.8294614326386225,
        0.767789466040475,
        0.7787032553127834,
        0.8069106681006295,
        0.7337899378367833,
        0.8324019114176432,
        0.8274414071014949,
        0.8027105061780839,
        0.7849712542125157,
        0.7992014998481387,
        0.8484919156347003
      ],
      "n_prompts": 15
    },
    "2p_other_ai": {
      "condition": "2p_other_ai",
      "mean_slope": 0.7926989491023714,
      "ci_lower": 0.7667069579306103,
      "ci_upper": 0.820315213525106,
      "std": 0.05294580557007938,
      "raw_slopes": [
        0.7251039686657134,
        0.7585123067810422,
        0.9333132647332691,
        0.7886264324188232,
        0.7923850417137146,
        0.7440666896956307,
        0.7899332756087893,
        0.8314528380121503,
        0.691685560203734,
        0.8002853847685314,
        0.7815619082677931,
        0.8196737993331182,
        0.7938317457834879,
        0.8155744331223624,
        0.8244775874274117
      ],
      "n_prompts": 15
    },
    "1p_human": {
      "condition": "1p_human",
      "mean_slope": 0.7572285280341194,
      "ci_lower": 0.7354594949573752,
      "ci_upper": 0.7786663381708047,
      "std": 0.0426966696143119,
      "raw_slopes": [
        0.7498358601615542,
        0.6834758520126343,
        0.8302527211961293,
        0.831890439703351,
        0.7309171301977975,
        0.7244062026341757,
        0.7625576655069987,
        0.6842377441270011,
        0.7604444850058782,
        0.7727663715680441,
        0.7423814932505289,
        0.7606780869620187,
        0.8047446267945426,
        0.7368758803322202,
        0.7829633610589164
      ],
      "n_prompts": 15
    },
    "2p_human": {
      "condition": "2p_human",
      "mean_slope": 0.7512680071686942,
      "ci_lower": 0.7280144912666746,
      "ci_upper": 0.7730209610930512,
      "std": 0.042613762658353274,
      "raw_slopes": [
        0.7513568855467296,
        0.693721266019912,
        0.8296126240775699,
        0.8287450316406432,
        0.7090707392919631,
        0.7127949283236549,
        0.7538490777923947,
        0.6828307424272809,
        0.7282822245643252,
        0.7420414232072376,
        0.7506579330989293,
        0.7753315482820783,
        0.7787118440582639,
        0.7390333953357878,
        0.7929804438636416
      ],
      "n_prompts": 15
    }
  },
  "decomposition": {
    "person_main_effect": 0.0032049423172362257,
    "referent_main_effect": -0.011885458136361882,
    "person_x_referent_interaction": -0.00867493663515384,
    "cell_means": {
      "1p_self_ai": 0.7826406440091511,
      "2p_self_ai": 0.7851509592835867,
      "1p_other_ai": 0.7988635704630896,
      "2p_other_ai": 0.7926989491023714
    },
    "statistical_tests": {
      "person_test": {
        "U": 1083.0,
        "p": 0.5721560475351813,
        "d": 0.06635769468170878,
        "significant": "False"
      },
      "referent_test": {
        "U": 393.0,
        "p": 0.40353753915408586,
        "d": -0.2574577056832592,
        "significant": "False"
      },
      "interaction_test": {
        "U": 97.0,
        "p": 0.5338294217441396,
        "significant": "False"
      }
    },
    "interpretation": "Null: no significant effects detected"
  },
  "is_instruct": false,
  "_metadata": {
    "timestamp": "2026-02-14T23:59:03.140466",
    "version": "1.0.0"
  }
}