{
  "model": "Llama-3.1-70B-Instruct",
  "n_layers": 80,
  "injection_layer": 40,
  "alpha": 10.0,
  "cells": {
    "1p_self_ai": {
      "condition": "1p_self_ai",
      "mean_slope": 0.6341538124303656,
      "ci_lower": 0.5918311186277395,
      "ci_upper": 0.6830252748570307,
      "std": 0.0916358354702625,
      "raw_slopes": [
        0.7108567272073555,
        0.6617522428675395,
        0.571274835441618,
        0.815038476943075,
        0.6342652106821872,
        0.5677438127278834,
        0.5611657992312876,
        0.6211361350530082,
        0.6070448876992847,
        0.7627472844513004,
        0.5446633528813188,
        0.6165401099099449,
        0.7873483084938987,
        0.526653883716626,
        0.5240761191491561
      ],
      "n_prompts": 15
    },
    "2p_self_ai": {
      "condition": "2p_self_ai",
      "mean_slope": 0.6207779316826862,
      "ci_lower": 0.5905717183680756,
      "ci_upper": 0.6521661327899041,
      "std": 0.06202553227155798,
      "raw_slopes": [
        0.6483538020507031,
        0.6944512904920451,
        0.5852389993184502,
        0.7526397454582057,
        0.6247225087590333,
        0.5960996092260442,
        0.5297108984239552,
        0.6338843042362922,
        0.6515710577508522,
        0.6017098980370426,
        0.54896641728131,
        0.600819364665373,
        0.6940197699177331,
        0.514288525867641,
        0.635192783755612
      ],
      "n_prompts": 15
    },
    "1p_other_ai": {
      "condition": "1p_other_ai",
      "mean_slope": 0.5955092491061333,
      "ci_lower": 0.5564267863426415,
      "ci_upper": 0.6366546155111146,
      "std": 0.08167999912412716,
      "raw_slopes": [
        0.7252451385498943,
        0.5639112021976743,
        0.5661984691029417,
        0.7356544870317092,
        0.5554676499867749,
        0.5024724495902965,
        0.5431034844543428,
        0.520011295968104,
        0.6321045758576599,
        0.7195428731182054,
        0.5231257569722788,
        0.5903491749101463,
        0.7016072403814285,
        0.5130556871027705,
        0.540789251367773
      ],
      "n_prompts": 15
    },
    "2p_other_ai": {
      "condition": "2p_other_ai",
      "mean_slope": 0.5917954765386024,
      "ci_lower": 0.5599331185226329,
      "ci_upper": 0.6281140765113482,
      "std": 0.0642220364882414,
      "raw_slopes": [
        0.5815641903519407,
        0.5801392421266152,
        0.5566393661454292,
        0.7097626394447197,
        0.5725833913398728,
        0.5228012082836194,
        0.5046096583915697,
        0.5521478873815587,
        0.6899971085238858,
        0.603303973882775,
        0.5219803557610645,
        0.5904003784312091,
        0.7044881398861222,
        0.5441875895572645,
        0.642327018571392
      ],
      "n_prompts": 15
    },
    "1p_human": {
      "condition": "1p_human",
      "mean_slope": 0.5957580130516997,
      "ci_lower": 0.5737294543348601,
      "ci_upper": 0.616586945214081,
      "std": 0.040768579650001927,
      "raw_slopes": [
        0.6032019943613942,
        0.534100650287256,
        0.5785529841066077,
        0.5742114905344834,
        0.6545211677815183,
        0.6193802024589022,
        0.5700378234010699,
        0.6283855215693503,
        0.5196669121844236,
        0.593340153765723,
        0.6774038841587965,
        0.5577890225467718,
        0.6127017695058353,
        0.597770923968775,
        0.6153056951445888
      ],
      "n_prompts": 15
    },
    "2p_human": {
      "condition": "2p_human",
      "mean_slope": 0.6170233624159656,
      "ci_lower": 0.5866496984645715,
      "ci_upper": 0.6513118179696956,
      "std": 0.06432968296920145,
      "raw_slopes": [
        0.6138696874060281,
        0.569500531980289,
        0.6263823756916661,
        0.6135647966758843,
        0.6529205943026194,
        0.6066064041170796,
        0.5643240534342251,
        0.5912034910794269,
        0.5380864288748763,
        0.6008963495437019,
        0.7302064729843979,
        0.5377119286422658,
        0.6215717337368575,
        0.6011818567986336,
        0.7873237309715314
      ],
      "n_prompts": 15
    }
  },
  "decomposition": {
    "person_main_effect": -0.0013918986830185887,
    "referent_main_effect": 0.033813509234157935,
    "person_x_referent_interaction": 0.009662108180148454,
    "cell_means": {
      "1p_self_ai": 0.6341538124303656,
      "2p_self_ai": 0.6207779316826862,
      "1p_other_ai": 0.5955092491061333,
      "2p_other_ai": 0.5917954765386024
    },
    "statistical_tests": {
      "person_test": {
        "U": 957.0,
        "p": 0.6571629489382815,
        "d": -0.01957805863378015,
        "significant": "False"
      },
      "referent_test": {
        "U": 579.0,
        "p": 0.05745954602854528,
        "d": 0.44459970778589,
        "significant": "False"
      },
      "interaction_test": {
        "U": 127.0,
        "p": 0.5614474146848649,
        "significant": "False"
      }
    },
    "interpretation": "Null: no significant effects detected"
  },
  "is_instruct": true,
  "_metadata": {
    "timestamp": "2026-02-25T14:07:43.048161",
    "version": "1.0.0"
  }
}