{
  "model": "Qwen3-4B-Base",
  "n_layers": 36,
  "injection_layer": 18,
  "alpha": 10.0,
  "cells": {
    "1p_self_ai": {
      "condition": "1p_self_ai",
      "mean_slope": 0.8261172525653897,
      "ci_lower": 0.793501386873124,
      "ci_upper": 0.862311505709916,
      "std": 0.06706544676261043,
      "raw_slopes": [
        0.7753464904362942,
        0.8074692506170124,
        0.7762241609878953,
        0.7579600584027198,
        0.8779337848118584,
        0.8650709312213092,
        0.8273366844690989,
        0.8818626466550322,
        0.7150978307605897,
        0.9592908293285607,
        0.7870979882984338,
        0.9210193206097688,
        0.8567405319988911,
        0.7360102919971241,
        0.8472979878862573
      ],
      "n_prompts": 15
    },
    "2p_self_ai": {
      "condition": "2p_self_ai",
      "mean_slope": 0.8145238065890299,
      "ci_lower": 0.7782030207827548,
      "ci_upper": 0.8533672543436911,
      "std": 0.07314515532965908,
      "raw_slopes": [
        0.7676816538391468,
        0.8069455555348943,
        0.7817064863240386,
        0.7499426654986922,
        0.8750433541672885,
        0.7508413134713658,
        0.7586689200194627,
        0.844277687117042,
        0.8778791242155126,
        0.853496372515203,
        0.7877542348838072,
        0.8947160410991762,
        0.9974853614512427,
        0.700693713437662,
        0.7707246152609123
      ],
      "n_prompts": 15
    },
    "1p_other_ai": {
      "condition": "1p_other_ai",
      "mean_slope": 0.8273409972895779,
      "ci_lower": 0.7957632739865006,
      "ci_upper": 0.8633960952902725,
      "std": 0.06758811120597424,
      "raw_slopes": [
        0.8057340374302937,
        0.7165119090685534,
        0.7972105141763713,
        0.9564213642025879,
        0.8800390974471444,
        0.7494439412565792,
        0.7486260142119675,
        0.9138398680709094,
        0.8176447397599645,
        0.9129200854537656,
        0.7943871656069443,
        0.8611593083146922,
        0.8767622038030033,
        0.770250427280048,
        0.8091642832608416
      ],
      "n_prompts": 15
    },
    "2p_other_ai": {
      "condition": "2p_other_ai",
      "mean_slope": 0.7980388951190853,
      "ci_lower": 0.7654969556486643,
      "ci_upper": 0.8318348830643082,
      "std": 0.06325808108864259,
      "raw_slopes": [
        0.7486084439437085,
        0.8020574100799973,
        0.7587696243734919,
        0.8321886380944088,
        0.8639240695780643,
        0.6863720985388976,
        0.7328232073746965,
        0.8751471869347633,
        0.8523404777234552,
        0.8035976692988036,
        0.7687169128896282,
        0.8173531960961251,
        0.9334856952676093,
        0.7375902653478617,
        0.7576085312447681
      ],
      "n_prompts": 15
    },
    "1p_human": {
      "condition": "1p_human",
      "mean_slope": 0.867887759282493,
      "ci_lower": 0.8421168709331806,
      "ci_upper": 0.8904758176733464,
      "std": 0.0483213175069448,
      "raw_slopes": [
        0.8637917777148563,
        0.7851246486507331,
        0.90274051763694,
        0.8595953947250318,
        0.8948060584142111,
        0.7899938506238602,
        0.9434810409974017,
        0.8603383580413025,
        0.8283503073103287,
        0.9207547471250175,
        0.8172364629828153,
        0.8757405793150141,
        0.9436609225561007,
        0.8944508547753373,
        0.838250868368444
      ],
      "n_prompts": 15
    },
    "2p_human": {
      "condition": "2p_human",
      "mean_slope": 0.8723218774832439,
      "ci_lower": 0.8373313715664134,
      "ci_upper": 0.9034882431620324,
      "std": 0.06694331769589594,
      "raw_slopes": [
        0.8287792697594999,
        0.7558230503055702,
        0.8580130270391055,
        0.8865664927952056,
        0.9056115912579163,
        0.8229112704471907,
        0.8931676070941124,
        0.7553767512088219,
        0.8216928710509378,
        0.9253027397597164,
        0.9571069964775728,
        0.9674991708790922,
        0.869917685679238,
        0.85611355775281,
        0.9809460807418675
      ],
      "n_prompts": 15
    }
  },
  "decomposition": {
    "person_main_effect": 0.012153809982033414,
    "referent_main_effect": 0.007630583372878363,
    "person_x_referent_interaction": -0.017708656194132755,
    "cell_means": {
      "1p_self_ai": 0.8261172525653897,
      "2p_self_ai": 0.8145238065890299,
      "1p_other_ai": 0.8273409972895779,
      "2p_other_ai": 0.7980388951190853
    },
    "statistical_tests": {
      "person_test": {
        "U": 1138.0,
        "p": 0.31311250906670285,
        "d": 0.17360332880338802,
        "significant": "False"
      },
      "referent_test": {
        "U": 479.0,
        "p": 0.673495052801603,
        "d": 0.11096686961970799,
        "significant": "False"
      },
      "interaction_test": {
        "U": 91.0,
        "p": 0.38373262766250305,
        "significant": "False"
      }
    },
    "interpretation": "Null: no significant effects detected"
  },
  "is_instruct": false,
  "_metadata": {
    "timestamp": "2026-02-15T19:00:13.149292",
    "version": "1.0.0"
  }
}