{
  "model": "Llama-3.2-3B-Instruct",
  "n_layers": 28,
  "injection_layer": 14,
  "alpha": 10.0,
  "cells": {
    "1p_self_ai": {
      "condition": "1p_self_ai",
      "mean_slope": 0.6516195945556346,
      "ci_lower": 0.6226291349476726,
      "ci_upper": 0.6803425042575749,
      "std": 0.05924950905982447,
      "raw_slopes": [
        0.7262157330146202,
        0.7015797615051268,
        0.5453792168543888,
        0.7003260034781235,
        0.6586456748155446,
        0.6214676361817579,
        0.6385982550107515,
        0.645829464839055,
        0.6332666066976693,
        0.675921151271233,
        0.6545314266131473,
        0.7305213300081399,
        0.7231847332074091,
        0.5750527106798611,
        0.5437742141576912
      ],
      "n_prompts": 15
    },
    "2p_self_ai": {
      "condition": "2p_self_ai",
      "mean_slope": 0.6524387136178137,
      "ci_lower": 0.6311161399942177,
      "ci_upper": 0.6749243181875116,
      "std": 0.04382642851481833,
      "raw_slopes": [
        0.7128122733189509,
        0.6979444788052485,
        0.5886833135898295,
        0.6891082928730891,
        0.6508168917435865,
        0.6082246110989498,
        0.6509408510648285,
        0.6324206737371589,
        0.6236580848693846,
        0.6696596695826603,
        0.6530556137745196,
        0.7275251374794884,
        0.6934382090201743,
        0.6006845611792344,
        0.5876080421301033
      ],
      "n_prompts": 15
    },
    "1p_other_ai": {
      "condition": "1p_other_ai",
      "mean_slope": 0.6613259518452179,
      "ci_lower": 0.6238005360838694,
      "ci_upper": 0.6972380047004955,
      "std": 0.07368448977670558,
      "raw_slopes": [
        0.7425340679975656,
        0.546964460152846,
        0.6211635598769554,
        0.7193824768066405,
        0.6870738061574787,
        0.6079105423046992,
        0.5144899863463182,
        0.6957715153694154,
        0.694007041821113,
        0.7453156838050253,
        0.6538961447202242,
        0.7380388392851901,
        0.7508906483650205,
        0.5766051659217246,
        0.6258453387480515
      ],
      "n_prompts": 15
    },
    "2p_other_ai": {
      "condition": "2p_other_ai",
      "mean_slope": 0.6682458976293222,
      "ci_lower": 0.6366319948106238,
      "ci_upper": 0.7005969752096212,
      "std": 0.06301628437319039,
      "raw_slopes": [
        0.7091768338130069,
        0.5974967388006357,
        0.6430907102731558,
        0.7032662373322707,
        0.650280495790335,
        0.6510280031424301,
        0.5432320127120382,
        0.7047748217215903,
        0.6379199880820052,
        0.7643337139716515,
        0.6523599037757284,
        0.7341637093287248,
        0.7825089546350332,
        0.5941890597343444,
        0.6558672813268807
      ],
      "n_prompts": 15
    },
    "1p_human": {
      "condition": "1p_human",
      "mean_slope": 0.7066189465155969,
      "ci_lower": 0.6847731552742993,
      "ci_upper": 0.7272720305652189,
      "std": 0.04445430497209399,
      "raw_slopes": [
        0.6949676862129798,
        0.6753512455866886,
        0.7590352315169113,
        0.7089187622070312,
        0.7729824987741616,
        0.7047207726882054,
        0.6695348592904896,
        0.6866902039601253,
        0.6619833047573382,
        0.7043285764180696,
        0.5995027257845951,
        0.7524237706111027,
        0.7653323072653547,
        0.7295475583810072,
        0.7139646942798906
      ],
      "n_prompts": 15
    },
    "2p_human": {
      "condition": "2p_human",
      "mean_slope": 0.6962009398142495,
      "ci_lower": 0.6749236638507782,
      "ci_upper": 0.7164405886064737,
      "std": 0.03978482072389163,
      "raw_slopes": [
        0.689308821238004,
        0.6833629598984351,
        0.7492129756854129,
        0.7192606719640585,
        0.7409414960787846,
        0.7018132264797502,
        0.6468835372191207,
        0.641732922884134,
        0.6513360408636238,
        0.6923976503885709,
        0.62810695538154,
        0.7180863765569833,
        0.7453303603025582,
        0.6838442674049963,
        0.7513958348677707
      ],
      "n_prompts": 15
    }
  },
  "decomposition": {
    "person_main_effect": 0.000892980618354744,
    "referent_main_effect": -0.012756770650545812,
    "person_x_referent_interaction": 0.006100826721925134,
    "cell_means": {
      "1p_self_ai": 0.6516195945556346,
      "2p_self_ai": 0.6524387136178137,
      "1p_other_ai": 0.6613259518452179,
      "2p_other_ai": 0.6682458976293222
    },
    "statistical_tests": {
      "person_test": {
        "U": 1077.0,
        "p": 0.6055325911681984,
        "d": 0.01505959185505992,
        "significant": "False"
      },
      "referent_test": {
        "U": 389.0,
        "p": 0.3710770321265142,
        "d": -0.2093244105398828,
        "significant": "False"
      },
      "interaction_test": {
        "U": 133.0,
        "p": 0.4067868333984651,
        "significant": "False"
      }
    },
    "interpretation": "Null: no significant effects detected"
  },
  "is_instruct": true,
  "_metadata": {
    "timestamp": "2026-02-15T00:01:07.574243",
    "version": "1.0.0"
  }
}