{
  "model": "Llama-3.2-1B-Instruct",
  "n_layers": 16,
  "injection_layer": 8,
  "alpha": 10.0,
  "cells": {
    "1p_self_ai": {
      "condition": "1p_self_ai",
      "mean_slope": 0.7304923085939315,
      "ci_lower": 0.7024429301988512,
      "ci_upper": 0.7628235276303594,
      "std": 0.061354976682290376,
      "raw_slopes": [
        0.7303134486788795,
        0.8251789524441674,
        0.7121248472304571,
        0.6976959705352783,
        0.6584552129109701,
        0.7704284503346398,
        0.7828913472947621,
        0.6867616063072568,
        0.7707713558560326,
        0.7090406900360471,
        0.6933294988813854,
        0.8697733623640878,
        0.7293484324500674,
        0.6924289408184233,
        0.6288425127665201
      ],
      "n_prompts": 15
    },
    "2p_self_ai": {
      "condition": "2p_self_ai",
      "mean_slope": 0.7318642362715705,
      "ci_lower": 0.7048467798696624,
      "ci_upper": 0.7592139490729287,
      "std": 0.05730729569410321,
      "raw_slopes": [
        0.7173237176168532,
        0.8266126229649499,
        0.6832009440376645,
        0.7269113886924017,
        0.674163023630778,
        0.7296649387904576,
        0.7920436405000233,
        0.670336643854777,
        0.8213432346071515,
        0.7107033928235372,
        0.695999733039311,
        0.8360473031089419,
        0.7266876442091805,
        0.7120303029105777,
        0.6548950132869539
      ],
      "n_prompts": 15
    },
    "1p_other_ai": {
      "condition": "1p_other_ai",
      "mean_slope": 0.8305012067159017,
      "ci_lower": 0.7879509289089648,
      "ci_upper": 0.8666764620135701,
      "std": 0.07592537825462589,
      "raw_slopes": [
        0.815140167872111,
        0.6596777524266925,
        0.9112038896197364,
        0.8748155860673814,
        0.928930082491466,
        0.8066753347714742,
        0.6961791600499835,
        0.8729123104186285,
        0.8259052918070838,
        0.8993062859489804,
        0.8716731894583929,
        0.8543515517598107,
        0.7519109845161438,
        0.7949380037330446,
        0.8938985097975958
      ],
      "n_prompts": 15
    },
    "2p_other_ai": {
      "condition": "2p_other_ai",
      "mean_slope": 0.8299569984277089,
      "ci_lower": 0.7926169730060629,
      "ci_upper": 0.8651578887847678,
      "std": 0.07018039900686822,
      "raw_slopes": [
        0.7987413094157264,
        0.6888364610217866,
        0.8975732936745598,
        0.8601171374320984,
        0.9343822087560382,
        0.8004027576673598,
        0.7092150761967614,
        0.8908009216898963,
        0.7977311568600791,
        0.8783339985779354,
        0.8651613692442576,
        0.8394347840831393,
        0.7507503373282296,
        0.827530399674461,
        0.9103437647933051
      ],
      "n_prompts": 15
    },
    "1p_human": {
      "condition": "1p_human",
      "mean_slope": 0.786194367635818,
      "ci_lower": 0.7590155042163911,
      "ci_upper": 0.8097751467828713,
      "std": 0.053085550704437455,
      "raw_slopes": [
        0.8054360633804685,
        0.6877584457397461,
        0.8354714030311221,
        0.8575846609615144,
        0.7286118666330973,
        0.8309610117049444,
        0.7747029406683785,
        0.7082803419658116,
        0.7936568813664573,
        0.7822135942322868,
        0.757309133098239,
        0.7797906625838507,
        0.8453962944802784,
        0.739011804262797,
        0.8667304104282743
      ],
      "n_prompts": 15
    },
    "2p_human": {
      "condition": "2p_human",
      "mean_slope": 0.7839415711069865,
      "ci_lower": 0.7542075485818917,
      "ci_upper": 0.8112493185533417,
      "std": 0.05691415070410114,
      "raw_slopes": [
        0.7837936878204346,
        0.6895106747036889,
        0.8369264843918028,
        0.8587035111018589,
        0.7156836418878465,
        0.8428546800499871,
        0.7806132435798645,
        0.6725549186979022,
        0.7940028451737904,
        0.7846622949554807,
        0.7653152885891142,
        0.8346869831993466,
        0.8268640041351318,
        0.7324043228512719,
        0.840546985467275
      ],
      "n_prompts": 15
    }
  },
  "decomposition": {
    "person_main_effect": 0.00047502571312840747,
    "referent_main_effect": -0.09905083013905414,
    "person_x_referent_interaction": -0.0019161359658317334,
    "cell_means": {
      "1p_self_ai": 0.7304923085939315,
      "2p_self_ai": 0.7318642362715705,
      "1p_other_ai": 0.8305012067159017,
      "2p_other_ai": 0.8299569984277089
    },
    "statistical_tests": {
      "person_test": {
        "U": 1015.0,
        "p": 0.9871231802529404,
        "d": 0.006344441896357778,
        "significant": "False"
      },
      "referent_test": {
        "U": 145.0,
        "p": 6.7362128931226e-06,
        "d": -1.4873603659035917,
        "significant": "True"
      },
      "interaction_test": {
        "U": 106.0,
        "p": 0.8034625743147712,
        "significant": "False"
      }
    },
    "interpretation": "Referent only: self-referent processed differently regardless of person"
  },
  "is_instruct": true,
  "_metadata": {
    "timestamp": "2026-02-14T23:59:34.028914",
    "version": "1.0.0"
  }
}