{
  "model": "Qwen3-14B",
  "n_layers": 40,
  "injection_layer": 20,
  "alpha": 10.0,
  "cells": {
    "1p_self_ai": {
      "condition": "1p_self_ai",
      "mean_slope": 0.9205917237471222,
      "ci_lower": 0.8850254970971952,
      "ci_upper": 0.9600759930288733,
      "std": 0.07590067193689384,
      "raw_slopes": [
        1.0285200990904546,
        0.8979816367303521,
        1.0008419686018077,
        0.9573813372088557,
        0.8675154192107065,
        0.8256655705154389,
        0.8245293471149933,
        0.9994019732663507,
        0.8288613914098955,
        1.0286372532521872,
        0.8637321140981261,
        1.0057320041315898,
        0.8715144875354337,
        0.8509777365322401,
        0.9575835175083995
      ],
      "n_prompts": 15
    },
    "2p_self_ai": {
      "condition": "2p_self_ai",
      "mean_slope": 0.91177763346592,
      "ci_lower": 0.8724133812712698,
      "ci_upper": 0.9530854798911288,
      "std": 0.08019415736897627,
      "raw_slopes": [
        1.0243683600784246,
        0.9281133288951747,
        1.0307688838557196,
        0.9254815347660758,
        0.9492301465873433,
        0.829015196938264,
        0.7921772343771798,
        1.0100149489883197,
        0.8842766784635704,
        0.9747654071875984,
        0.8181723275579009,
        0.9947281033921065,
        0.8340255134087758,
        0.8254135139006422,
        0.8561133235917058
      ],
      "n_prompts": 15
    },
    "1p_other_ai": {
      "condition": "1p_other_ai",
      "mean_slope": 0.9343521245178724,
      "ci_lower": 0.8950628179966246,
      "ci_upper": 0.9742122751870252,
      "std": 0.08176276776070353,
      "raw_slopes": [
        0.9558061688466183,
        0.9070839301535959,
        1.0105863103741095,
        1.0760397684193197,
        0.9538091120863321,
        0.8139590452936359,
        0.7938844763246696,
        1.0207100758202992,
        0.877676980163818,
        0.9570789220637846,
        1.0124658585939195,
        1.0207900839640685,
        0.8877735007974439,
        0.8346513231894129,
        0.8929663116770582
      ],
      "n_prompts": 15
    },
    "2p_other_ai": {
      "condition": "2p_other_ai",
      "mean_slope": 0.9439826250524452,
      "ci_lower": 0.8966335789783672,
      "ci_upper": 0.983749659900696,
      "std": 0.08495379460708669,
      "raw_slopes": [
        0.9160956966697724,
        1.010729338665654,
        1.0076358477423963,
        1.0818539158742233,
        1.0026246324965828,
        0.8299147141607185,
        0.9007334924281989,
        1.0013731688373073,
        0.9376364280854851,
        0.8099617597303893,
        1.0757031023390313,
        0.9968927658366085,
        0.8544065112009982,
        0.88029638627418,
        0.8538816154451301
      ],
      "n_prompts": 15
    },
    "1p_human": {
      "condition": "1p_human",
      "mean_slope": 0.9137369147966382,
      "ci_lower": 0.8901256335928178,
      "ci_upper": 0.939236027596514,
      "std": 0.050828002992223266,
      "raw_slopes": [
        0.9334241974174529,
        0.8433431133739933,
        0.899522953687754,
        0.9223241940476842,
        0.9743883923480386,
        0.9581778367659206,
        0.961185645116003,
        0.9108446675135677,
        0.8305350389695705,
        0.9101752968210924,
        0.8348652308148549,
        0.9700739594330466,
        0.9007674679720316,
        0.9926455200166632,
        0.8637802076518987
      ],
      "n_prompts": 15
    },
    "2p_human": {
      "condition": "2p_human",
      "mean_slope": 0.9191607357341247,
      "ci_lower": 0.8964486133688151,
      "ci_upper": 0.9418723585146638,
      "std": 0.04715469376332138,
      "raw_slopes": [
        0.9590604585364351,
        0.9314955049439483,
        0.9141982459932344,
        0.933321375595896,
        0.9366479893600136,
        0.8503356416870778,
        0.9544704968767957,
        0.9061702191829684,
        0.8526793691448701,
        0.9348388063280209,
        0.8669606976043015,
        0.8995429228122972,
        0.8752677445124863,
        1.0420349421805908,
        0.9303866212529348
      ],
      "n_prompts": 15
    }
  },
  "decomposition": {
    "person_main_effect": -0.0020800770636190125,
    "referent_main_effect": -0.022982696178637463,
    "person_x_referent_interaction": 0.018444590815774986,
    "cell_means": {
      "1p_self_ai": 0.9205917237471222,
      "2p_self_ai": 0.91177763346592,
      "1p_other_ai": 0.9343521245178724,
      "2p_other_ai": 0.9439826250524452
    },
    "statistical_tests": {
      "person_test": {
        "U": 1005.0,
        "p": 0.9549531321069082,
        "d": -0.028621118057393237,
        "significant": "False"
      },
      "referent_test": {
        "U": 379.0,
        "p": 0.2972716890893069,
        "d": -0.2840861438549763,
        "significant": "False"
      },
      "interaction_test": {
        "U": 138.0,
        "p": 0.2997583700887151,
        "significant": "False"
      }
    },
    "interpretation": "Null: no significant effects detected"
  },
  "is_instruct": false,
  "_metadata": {
    "timestamp": "2026-02-15T23:52:35.969161",
    "version": "1.0.0"
  }
}