{
  "model": "Llama-3.2-3B",
  "n_layers": 28,
  "injection_layer": 14,
  "alpha": 10.0,
  "cells": {
    "1p_self_ai": {
      "condition": "1p_self_ai",
      "mean_slope": 0.6611668916237659,
      "ci_lower": 0.6363237715501051,
      "ci_upper": 0.6882103952429233,
      "std": 0.050544682450024955,
      "raw_slopes": [
        0.6130600214004515,
        0.6510802736649146,
        0.591628388258127,
        0.7198243691371037,
        0.6751137843498815,
        0.6509297095812283,
        0.6318110796121449,
        0.7520187561328593,
        0.6761314667188203,
        0.6860736782734209,
        0.6948367375593918,
        0.7448868989944458,
        0.6332481934474063,
        0.6153968563446631,
        0.5814631608816292
      ],
      "n_prompts": 15
    },
    "2p_self_ai": {
      "condition": "2p_self_ai",
      "mean_slope": 0.6485300187575511,
      "ci_lower": 0.6339910941292077,
      "ci_upper": 0.6624866382005887,
      "std": 0.029500706248744162,
      "raw_slopes": [
        0.6338285492016719,
        0.66572959789863,
        0.6290907437984758,
        0.6758253812789915,
        0.6539866997645452,
        0.6493618708390455,
        0.6537559105799748,
        0.6822197675704956,
        0.5947007270959707,
        0.623312820838048,
        0.6900240861452541,
        0.7008461026044991,
        0.6152641947452838,
        0.6448560604682336,
        0.6151477685341468
      ],
      "n_prompts": 15
    },
    "1p_other_ai": {
      "condition": "1p_other_ai",
      "mean_slope": 0.6275488395262986,
      "ci_lower": 0.5911299916307131,
      "ci_upper": 0.671656981395605,
      "std": 0.07988228247142279,
      "raw_slopes": [
        0.6035249673403226,
        0.5745888957610497,
        0.618849935898414,
        0.7295101647193615,
        0.8106457682756274,
        0.523534560203552,
        0.5318861640416659,
        0.6469608187675474,
        0.6541535670940691,
        0.69696427491995,
        0.6239970152194682,
        0.7018098015051621,
        0.5933393294994648,
        0.5055136433014503,
        0.5979536863473743
      ],
      "n_prompts": 15
    },
    "2p_other_ai": {
      "condition": "2p_other_ai",
      "mean_slope": 0.6229116699940118,
      "ci_lower": 0.5937885823647181,
      "ci_upper": 0.6563114519952199,
      "std": 0.06086915224356693,
      "raw_slopes": [
        0.6035788545241723,
        0.563565520139841,
        0.6488435057493355,
        0.6832830562041355,
        0.7687878251075743,
        0.6043464614794803,
        0.5305244390781109,
        0.688234926187075,
        0.5634123068589428,
        0.6528242221245398,
        0.5724413449947648,
        0.6729623336058396,
        0.602284694634951,
        0.5679768296388479,
        0.6206087295825664
      ],
      "n_prompts": 15
    },
    "1p_human": {
      "condition": "1p_human",
      "mean_slope": 0.7117631018773103,
      "ci_lower": 0.6883552871973084,
      "ci_upper": 0.7355420992733575,
      "std": 0.045626163028739,
      "raw_slopes": [
        0.6964511311971224,
        0.6457461072848392,
        0.7312759729532095,
        0.7160881083745223,
        0.7674346910073204,
        0.6491257685881394,
        0.6691935530075659,
        0.6926919872944169,
        0.6872597886965823,
        0.7620516566129831,
        0.6606740181262676,
        0.793325537901658,
        0.763752065713589,
        0.7505324097780078,
        0.6908437316234294
      ],
      "n_prompts": 15
    },
    "2p_human": {
      "condition": "2p_human",
      "mean_slope": 0.7024397917894216,
      "ci_lower": 0.6791957151950933,
      "ci_upper": 0.7250250013317815,
      "std": 0.04367769546243883,
      "raw_slopes": [
        0.6834317519114567,
        0.6907852026132436,
        0.7357749645526592,
        0.7315127918353447,
        0.7516571109111493,
        0.6494645705589881,
        0.6470883268576402,
        0.6449476462144117,
        0.6702889359914339,
        0.7201699440295878,
        0.6891846555929918,
        0.7882452203677248,
        0.7518611875864175,
        0.6525024808370149,
        0.7296820869812597
      ],
      "n_prompts": 15
    }
  },
  "decomposition": {
    "person_main_effect": 0.00886578416213013,
    "referent_main_effect": 0.029618200430503117,
    "person_x_referent_interaction": 0.007999703333927966,
    "cell_means": {
      "1p_self_ai": 0.6611668916237659,
      "2p_self_ai": 0.6485300187575511,
      "1p_other_ai": 0.6275488395262986,
      "2p_other_ai": 0.6229116699940118
    },
    "statistical_tests": {
      "person_test": {
        "U": 1110.0,
        "p": 0.4337675074687197,
        "d": 0.1390533674695231,
        "significant": "False"
      },
      "referent_test": {
        "U": 594.0,
        "p": 0.03387428012952025,
        "d": 0.5079127248750945,
        "significant": "True"
      },
      "interaction_test": {
        "U": 123.0,
        "p": 0.6783024655972324,
        "significant": "False"
      }
    },
    "interpretation": "Referent only: self-referent processed differently regardless of person"
  },
  "is_instruct": false,
  "_metadata": {
    "timestamp": "2026-02-15T00:00:22.184504",
    "version": "1.0.0"
  }
}