{
  "model": "gemma-3-4b-it",
  "n_layers": 34,
  "injection_layer": 17,
  "alpha": 10.0,
  "cells": {
    "1p_self_ai": {
      "condition": "1p_self_ai",
      "mean_slope": 0.922378019813462,
      "ci_lower": 0.656768556407189,
      "ci_upper": 1.1799994887967102,
      "std": 0.5084208758573172,
      "raw_slopes": [
        0.668232179113797,
        0.5655154065771419,
        0.600015019780987,
        1.2579285194994985,
        0.9364214605697384,
        0.02814042142459321,
        1.7654491456655355,
        1.5229123861661986,
        1.4698297115800147,
        1.02927698174512,
        0.9073077010011282,
        1.0320772676513745,
        1.2685607034037567,
        -0.15197572028720296,
        0.935979113310248
      ],
      "n_prompts": 15
    },
    "2p_self_ai": {
      "condition": "2p_self_ai",
      "mean_slope": 0.9276628010408892,
      "ci_lower": 0.7875749473706323,
      "ci_upper": 1.071420316532268,
      "std": 0.28482012226362147,
      "raw_slopes": [
        1.0811571096653467,
        1.1312955478717994,
        1.0037488014160931,
        1.54051657636742,
        0.8438137153675268,
        0.9773014477648576,
        0.5971702758427505,
        0.7361982713033866,
        1.1063244694291234,
        0.7412102091852781,
        0.24986006220045326,
        1.1793498435681997,
        0.9520260753867392,
        0.9918487605976535,
        0.7831208496467098
      ],
      "n_prompts": 15
    },
    "1p_other_ai": {
      "condition": "1p_other_ai",
      "mean_slope": 1.006983051168752,
      "ci_lower": 0.8564507406450044,
      "ci_upper": 1.1587180270607293,
      "std": 0.2889782884106199,
      "raw_slopes": [
        1.1876515083751835,
        0.9062661377774489,
        0.9476287887646603,
        1.0083183134486386,
        1.497729876528045,
        0.647002223608913,
        0.37666752164835465,
        1.17313834972434,
        1.072146933763237,
        1.0419173556287864,
        0.7066544103589687,
        0.9429123292912494,
        0.9439391008690821,
        1.09921639610629,
        1.5535565216380818
      ],
      "n_prompts": 15
    },
    "2p_other_ai": {
      "condition": "2p_other_ai",
      "mean_slope": 0.9119935941305898,
      "ci_lower": 0.6350605165730795,
      "ci_upper": 1.2018195450900007,
      "std": 0.559665209060742,
      "raw_slopes": [
        0.9239319755644592,
        1.070764084962698,
        0.07142209387742554,
        1.0888045362964436,
        1.0642951706608574,
        1.0282497636564487,
        0.7914584663706823,
        0.9997448115067169,
        0.5111983036438187,
        0.945982762188702,
        1.5889418942464906,
        0.79832048113202,
        -0.31436808181333026,
        0.8806994954390185,
        2.2304581542263975
      ],
      "n_prompts": 15
    },
    "1p_human": {
      "condition": "1p_human",
      "mean_slope": 0.9480761121867687,
      "ci_lower": 0.7706899589386912,
      "ci_upper": 1.15738121479653,
      "std": 0.38903558769065194,
      "raw_slopes": [
        0.7421347319383871,
        0.8837764886218111,
        0.762155458305057,
        1.253313313153657,
        0.833340563821596,
        0.5946357810808406,
        1.9874681073066953,
        0.5148748079171548,
        0.9176781239522086,
        0.79333066711059,
        0.6821903515156809,
        0.9536369077779434,
        0.8778836938378577,
        0.7382054094459628,
        1.6865172770160897
      ],
      "n_prompts": 15
    },
    "2p_human": {
      "condition": "2p_human",
      "mean_slope": 0.9302388128862306,
      "ci_lower": 0.6472962763612686,
      "ci_upper": 1.2292725941826526,
      "std": 0.5537580531305927,
      "raw_slopes": [
        1.1349765834367864,
        0.8454749199715289,
        2.4311678157611323,
        0.8484558291160142,
        1.2391554616309788,
        0.5513086863107733,
        1.4097391408223372,
        0.652007018013315,
        1.0077292117116217,
        1.164144938021571,
        -0.16176384802048016,
        0.8190537243672126,
        0.9506977306944984,
        0.81319578568359,
        0.24823919577257966
      ],
      "n_prompts": 15
    }
  },
  "decomposition": {
    "person_main_effect": 0.03584732503709076,
    "referent_main_effect": -0.03446791222249512,
    "person_x_referent_interaction": -0.10027423826558945,
    "cell_means": {
      "1p_self_ai": 0.922378019813462,
      "2p_self_ai": 0.9276628010408892,
      "1p_other_ai": 1.006983051168752,
      "2p_other_ai": 0.9119935941305898
    },
    "statistical_tests": {
      "person_test": {
        "U": 1038.0,
        "p": 0.840118026946622,
        "d": 0.08021381416259236,
        "significant": "False"
      },
      "referent_test": {
        "U": 432.0,
        "p": 0.795845542466455,
        "d": -0.0800890214951226,
        "significant": "False"
      },
      "interaction_test": {
        "U": 104.0,
        "p": 0.7400217511938185,
        "significant": "False"
      }
    },
    "interpretation": "Null: no significant effects detected"
  },
  "is_instruct": true,
  "_metadata": {
    "timestamp": "2026-02-15T00:02:20.138898",
    "version": "1.0.0"
  }
}