{
  "model": "gemma-3-1b-pt",
  "n_layers": 26,
  "injection_layer": 13,
  "alpha": 10.0,
  "cells": {
    "1p_self_ai": {
      "condition": "1p_self_ai",
      "mean_slope": 0.8004310128057285,
      "ci_lower": 0.6640179854932997,
      "ci_upper": 0.9627339052808068,
      "std": 0.2958659458631306,
      "raw_slopes": [
        0.8076293010796818,
        1.0064368689698833,
        0.4343757959348815,
        0.8371272406407764,
        0.61145788111857,
        0.8539735190570353,
        0.9386387786694933,
        1.6803841880921806,
        0.864979902548449,
        0.4183333909937314,
        0.5688442609139851,
        0.659151466829436,
        0.9957093686929769,
        0.7120896258524485,
        0.6173336026923997
      ],
      "n_prompts": 15
    },
    "2p_self_ai": {
      "condition": "2p_self_ai",
      "mean_slope": 0.7744713869344974,
      "ci_lower": 0.6508459331179479,
      "ci_upper": 0.8924890502968003,
      "std": 0.2395259872284868,
      "raw_slopes": [
        0.6392124635832649,
        0.89804342176233,
        0.2986643101487841,
        1.1944072549896578,
        0.7281067552311079,
        0.9038551779729976,
        0.8547821311014036,
        0.40365132430036155,
        0.7592835548732959,
        0.9861746880092791,
        0.7644569224544934,
        0.7644642080579485,
        0.49616999604872275,
        1.1469217927328177,
        0.7788768027509961
      ],
      "n_prompts": 15
    },
    "1p_other_ai": {
      "condition": "1p_other_ai",
      "mean_slope": 0.7756054594935404,
      "ci_lower": 0.697273159878151,
      "ci_upper": 0.8514044613204894,
      "std": 0.1513192873690898,
      "raw_slopes": [
        0.8846963928746324,
        1.0096066264169556,
        0.7449961453676224,
        0.7369571934853281,
        0.6996893627302986,
        0.8799971491098402,
        0.8407459695424349,
        0.6655890257763011,
        0.7630436638636245,
        0.9304351593766892,
        0.47973963192531033,
        0.782461178089891,
        0.5370546472924096,
        1.0192194173910787,
        0.6598503291606902
      ],
      "n_prompts": 15
    },
    "2p_other_ai": {
      "condition": "2p_other_ai",
      "mean_slope": 0.8503519360286493,
      "ci_lower": 0.740937899513547,
      "ci_upper": 0.9751889299437225,
      "std": 0.24700671339978322,
      "raw_slopes": [
        0.6944351675254956,
        0.8852828757704366,
        1.5773279588403444,
        0.8846201598644255,
        0.8092326601701122,
        0.7765585822718482,
        0.695202580520085,
        1.245263505194868,
        0.801691949367523,
        0.6002429574728012,
        0.5694951776947292,
        0.6987942137888498,
        0.8035306249346049,
        0.9002480365868123,
        0.8133525904268024
      ],
      "n_prompts": 15
    },
    "1p_human": {
      "condition": "1p_human",
      "mean_slope": 0.7926198837436024,
      "ci_lower": 0.6766099265832008,
      "ci_upper": 0.9318754976773852,
      "std": 0.24692253676603615,
      "raw_slopes": [
        0.8697609429114629,
        0.7738220255289758,
        0.6091176399162836,
        0.7794693186879156,
        0.7176717865679945,
        0.8447803461125917,
        0.8466155159154105,
        0.7212688071387152,
        0.5310131284807409,
        0.4181257385228359,
        0.7357780512954506,
        0.740130571382386,
        0.8112474924751688,
        0.903704715094396,
        1.5867921761237083
      ],
      "n_prompts": 15
    },
    "2p_human": {
      "condition": "2p_human",
      "mean_slope": 0.7876824537913002,
      "ci_lower": 0.7144350641823949,
      "ci_upper": 0.8490066290859662,
      "std": 0.14095643828179608,
      "raw_slopes": [
        0.8342276673231805,
        0.39839323929377957,
        0.6598236385200703,
        0.9551899837596074,
        0.8417261889470475,
        0.780663251876831,
        0.8753174085702214,
        0.7383916101285389,
        0.8082942771060123,
        0.8966756415154251,
        1.0084154544664279,
        0.8368030829089027,
        0.7475890793970654,
        0.7935234702059198,
        0.6402028128504752
      ],
      "n_prompts": 15
    }
  },
  "decomposition": {
    "person_main_effect": -0.014616473570525312,
    "referent_main_effect": -0.025527497890981965,
    "person_x_referent_interaction": 0.10070610240634004,
    "cell_means": {
      "1p_self_ai": 0.8004310128057285,
      "2p_self_ai": 0.7744713869344974,
      "1p_other_ai": 0.7756054594935404,
      "2p_other_ai": 0.8503519360286493
    },
    "statistical_tests": {
      "person_test": {
        "U": 935.0,
        "p": 0.5343582232679758,
        "d": -0.06396766954347798,
        "significant": "False"
      },
      "referent_test": {
        "U": 426.0,
        "p": 0.7282652959955469,
        "d": -0.10600866526750768,
        "significant": "False"
      },
      "interaction_test": {
        "U": 114.0,
        "p": 0.9669147771731937,
        "significant": "False"
      }
    },
    "interpretation": "Null: no significant effects detected"
  },
  "is_instruct": false,
  "_metadata": {
    "timestamp": "2026-02-14T23:59:17.218753",
    "version": "1.0.0"
  }
}